instance_id,source_row_1_based,org,dest,days,level,people_number,budget,local_constraint,constraint_signature,reference_size_quartile,reference_chars,reference_items,query
travelplanner_test_0009,9,Charleston,New York,3,easy,1,1700,"{""cuisine"": null, ""house rule"": null, ""room type"": null, ""transportation"": null}",budget_only,3,14561,73,"Please create a 3-day travel plan starting from Charleston to New York. The planned dates of travel are from March 17th to March 19th, 2022, with a travel budget of $1,700."
travelplanner_test_0017,17,Lihue,San Francisco,3,easy,1,2300,"{""cuisine"": null, ""house rule"": null, ""room type"": null, ""transportation"": null}",budget_only,1,12656,65,"Could you help me arrange a 3-day trip for one person, which starts in Lihue and ends in San Francisco, from March 27th to March 29th, 2022? I have a budget of $2,300 for this trip."
travelplanner_test_0021,21,Savannah,Newark,3,easy,1,800,"{""cuisine"": null, ""house rule"": null, ""room type"": null, ""transportation"": null}",budget_only,4,15849,81,"Please provide a travel plan departing from Savannah and heading to Newark for 3 days, from March 23rd to March 25th, 2022, with a budget of $800."
travelplanner_test_0037,37,Atlanta,Bozeman,3,easy,1,1900,"{""cuisine"": null, ""house rule"": null, ""room type"": null, ""transportation"": null}",budget_only,1,12680,66,"Could you help create a travel plan that starts in Atlanta and ends in Bozeman, taking place over 3 days from March 25th to March 27th, 2022? The travel budget at hand is $1,900."
travelplanner_test_0040,40,Moline,Dallas,3,easy,1,1600,"{""cuisine"": null, ""house rule"": null, ""room type"": null, ""transportation"": null}",budget_only,4,20192,113,"Could you help organize a travel plan from Moline to Dallas for the duration of 3 days, specifically from March 25th to March 27th, 2022? This travel plan is intended for a single individual and should operate within a budget of $1,600."
travelplanner_test_0068,68,Panama City,Chicago,3,easy,1,1800,"{""cuisine"": null, ""house rule"": null, ""room type"": null, ""transportation"": null}",budget_only,1,12731,65,"Please help me with a travel plan that departs from Panama City to Chicago for a duration of three days from March 12th to March 14th, 2022. I am looking for the plan to be designed for one individual with a budget of $1,800."
travelplanner_test_0083,83,Washington,Montgomery,3,easy,1,500,"{""cuisine"": null, ""house rule"": null, ""room type"": null, ""transportation"": null}",budget_only,3,14246,75,"Kindly create a travel plan starting from Washington and heading towards Montgomery for a period of 3 days from March 2nd to March 4th, 2022. The travel plan has a budget of $500."
travelplanner_test_0088,88,Sacramento,Minneapolis,3,easy,1,1900,"{""cuisine"": null, ""house rule"": null, ""room type"": null, ""transportation"": null}",budget_only,4,15476,80,"Could you create a travel itinerary for me starting in Sacramento and heading to Minneapolis? This trip should be 3 days long, from March 7th to March 9th, 2022 with a budget of $1,900."
travelplanner_test_0089,89,Chicago,Sacramento,3,easy,1,2000,"{""cuisine"": null, ""house rule"": null, ""room type"": null, ""transportation"": null}",budget_only,1,11895,63,"Please help me create a travel plan starting from Chicago and ending in Sacramento, spanning 3 days from March 2nd to March 4th, 2022. The budget for this solo journey is set at $2,000."
travelplanner_test_0090,90,Oakland,Eugene,3,easy,1,1100,"{""cuisine"": null, ""house rule"": null, ""room type"": null, ""transportation"": null}",budget_only,2,13596,69,"Please help me plan a travel itinerary from Oakland to Eugene that lasts for 3 days, from March 18th to March 20th, 2022, with a budget of $1,100."
travelplanner_test_0094,94,Manchester,Philadelphia,3,easy,1,1700,"{""cuisine"": null, ""house rule"": null, ""room type"": null, ""transportation"": null}",budget_only,2,13377,68,"Can you assist me in mapping out a 3-day voyage from Manchester to Philadelphia occurring between March 19th and March 21st, 2022? I will be traveling alone with a budget of $1,700."
travelplanner_test_0095,95,Detroit,Mosinee,3,easy,1,1100,"{""cuisine"": null, ""house rule"": null, ""room type"": null, ""transportation"": null}",budget_only,2,13469,74,"Can you help design a travel plan departing from Detroit and heading to Mosinee for 3 days, specifically from March 24th to March 26th, 2022, with a budget of $1,100?"
travelplanner_test_0104,104,Plattsburgh,Fort Lauderdale,3,easy,1,1200,"{""cuisine"": null, ""house rule"": null, ""room type"": null, ""transportation"": null}",budget_only,2,13388,65,"Please create a travel plan for one person departing from Plattsburgh to Fort Lauderdale. The trip should last 3 days, from March 25th to March 27th, 2022, and the budget is set at $1,200. There are no specific constraints regarding house rules, cuisine, room types, or transportation."
travelplanner_test_0113,113,Charlotte,Charlotte Amalie,3,easy,1,2500,"{""cuisine"": null, ""house rule"": null, ""room type"": null, ""transportation"": null}",budget_only,3,13884,70,"Please create a 3-day travel plan for one person leaving from Charlotte and heading to Charlotte Amalie. The journey will be from March 28th to March 30th, 2022, with a budget of $2,500."
travelplanner_test_0119,119,Punta Gorda,Appleton,3,easy,1,1700,"{""cuisine"": null, ""house rule"": null, ""room type"": null, ""transportation"": null}",budget_only,3,14763,76,"Can you assist in arranging a travel plan from Punta Gorda to Appleton for 3 days, from March 4th to 6th, 2022? It will be a personal trip with a budget of $1,700."
travelplanner_test_0126,126,Providence,North Carolina,5,easy,1,2100,"{""cuisine"": null, ""house rule"": null, ""room type"": null, ""transportation"": null}",budget_only,2,26572,136,"Could you assist in creating a 5-day travel plan starting in Providence and covering 2 cities in North Carolina from March 13th to March 17th, 2022? The trip is for one person, with an allocated budget of $2,100."
travelplanner_test_0134,134,Trenton,Florida,5,easy,1,4400,"{""cuisine"": null, ""house rule"": null, ""room type"": null, ""transportation"": null}",budget_only,2,26490,132,"Can you create a travel plan that begins in Trenton and includes a visit to 2 cities in Florida over a period of 5 days, from March 1st to March 5th, 2022? The budget for this solo trip is set at $4,400."
travelplanner_test_0144,144,Moab,Colorado,5,easy,1,3100,"{""cuisine"": null, ""house rule"": null, ""room type"": null, ""transportation"": null}",budget_only,1,19307,106,"Could you help me set up a 5-day solitary trip, starting from Moab and heading to two different cities in Colorado, from March 19th to March 23rd, 2022? I have a budget of $3,100 for this trip."
travelplanner_test_0146,146,Richmond,Texas,5,easy,1,2700,"{""cuisine"": null, ""house rule"": null, ""room type"": null, ""transportation"": null}",budget_only,1,24018,129,"Can you help me create a 5-day travel plan departing from Richmond to visit 2 cities in Texas running from March 22nd through March 26th, 2022? The set budget for this trip is $2,700."
travelplanner_test_0164,164,St. Petersburg,Pennsylvania,5,easy,1,2400,"{""cuisine"": null, ""house rule"": null, ""room type"": null, ""transportation"": null}",budget_only,3,27589,145,"Could you assist in creating a 5-day travel itinerary for me? I'll be leaving from St. Petersburg and wish to visit 2 cities in Pennsylvania. The journey is set to start from the 24th of March and end on the 28th of March, 2022. I have a new budget of $2,400. I have no specific preferences or constraints regarding accommodations, cuisines, or transportation."
travelplanner_test_0165,165,Fort Lauderdale,Pennsylvania,5,easy,1,2600,"{""cuisine"": null, ""house rule"": null, ""room type"": null, ""transportation"": null}",budget_only,4,29974,152,"Can you create a travel plan for one person that starts in Fort Lauderdale and includes visiting 2 cities in Pennsylvania? The trip is planned for 5 days from March 10th to March 14th, 2022 under a new budget of $2,600."
travelplanner_test_0168,168,Norfolk,Michigan,5,easy,1,2500,"{""cuisine"": null, ""house rule"": null, ""room type"": null, ""transportation"": null}",budget_only,2,26144,134,"Could you assist me in creating a travel itinerary for a 5-day trip for 1 individual? I plan to depart from Norfolk and visit 2 cities in Michigan from March 1st to March 5th, 2022. My budget for this journey is $2,500."
travelplanner_test_0170,170,Cincinnati,Georgia,5,easy,1,4400,"{""cuisine"": null, ""house rule"": null, ""room type"": null, ""transportation"": null}",budget_only,4,28995,155,"Please help me in creating a 5-day travel plan, which starts from Cincinnati and explores 2 cities in Georgia, starting from March 15th to March 19th, 2022. The budget for this solo trip is set to $4,400."
travelplanner_test_0188,188,Eugene,California,5,easy,1,3300,"{""cuisine"": null, ""house rule"": null, ""room type"": null, ""transportation"": null}",budget_only,3,27299,140,"Could you provide a 5-day travel itinerary for me starting in Eugene and visiting 2 cities in California from March 12th to March 16th, 2022? The budget for this trip is set at $3,300."
travelplanner_test_0205,205,Tulsa,Georgia,5,easy,1,2600,"{""cuisine"": null, ""house rule"": null, ""room type"": null, ""transportation"": null}",budget_only,3,26825,146,"Can you assist me in putting together a 5-day travel plan for an individual departing from Tulsa and visiting 2 cities in Georgia? The trip is scheduled from March 23rd to March 27th, 2022, with a budget of $2,600."
travelplanner_test_0209,209,Palm Springs,Texas,5,easy,1,4100,"{""cuisine"": null, ""house rule"": null, ""room type"": null, ""transportation"": null}",budget_only,4,32520,175,"Could you create a travel plan for me departing from Palm Springs and heading to Texas for 5 days, with visits to 2 cities, from March 25th to March 29th, 2022? I'm traveling alone and have a budget of $4,100."
travelplanner_test_0210,210,Tampa,Illinois,5,easy,1,3200,"{""cuisine"": null, ""house rule"": null, ""room type"": null, ""transportation"": null}",budget_only,2,26296,136,"Please help organize a 5-day travel plan for an individual, departing from Tampa and visiting 2 cities in Illinois. The trip is scheduled for March 15th to March 19th, 2022, with a budget of $3,200."
travelplanner_test_0212,212,Albuquerque,Colorado,5,easy,1,2700,"{""cuisine"": null, ""house rule"": null, ""room type"": null, ""transportation"": null}",budget_only,3,28513,140,"Could you help design a 5-day travel itinerary from Albuquerque to Colorado covering 2 cities for one person between March 1st and March 5th, 2022, with a maximum expenditure limit of $2,700?"
travelplanner_test_0218,218,Cleveland,Tennessee,5,easy,1,3100,"{""cuisine"": null, ""house rule"": null, ""room type"": null, ""transportation"": null}",budget_only,1,21932,113,"Could you help me devise a travel plan that starts in Cleveland and includes visits to 2 cities in Tennessee? The travel dates are from March 1st to March 5th, 2022. The trip is for one person with a budget limit of $3,100."
travelplanner_test_0232,232,Minot,Minnesota,5,easy,1,3200,"{""cuisine"": null, ""house rule"": null, ""room type"": null, ""transportation"": null}",budget_only,1,19087,107,"Please help me to plan a 5-day solitary travel from Minot and aiming for 2 cities in Minnesota, from March 9th to March 13th, 2022. I have a budget of $3,200 for this trip."
travelplanner_test_0244,244,Atlanta,Pennsylvania,7,easy,1,9500,"{""cuisine"": null, ""house rule"": null, ""room type"": null, ""transportation"": null}",budget_only,4,42337,217,"Could you please create a 7-day travel plan for one person, starting in Atlanta and visiting 3 different cities in Pennsylvania from March 22nd to March 28th, 2022? The revised budget for the trip is $9,500."
travelplanner_test_0258,258,Dallas,Virginia,7,easy,1,9100,"{""cuisine"": null, ""house rule"": null, ""room type"": null, ""transportation"": null}",budget_only,3,41180,217,"Can you please assist in crafting a 7-day travel plan? I'm traveling alone, starting from Dallas and aiming to visit 3 cities in Virginia from March 4th to March 10th, 2022. The budget for this trip is set at $9,100."
travelplanner_test_0262,262,Austin,Tennessee,7,easy,1,4700,"{""cuisine"": null, ""house rule"": null, ""room type"": null, ""transportation"": null}",budget_only,3,40123,203,"I need assistance creating a seven-day travel itinerary for one person. The trip will start in Austin and visit three different cities in Tennessee from March 1st through March 7th, 2022. The available budget for this trip is $4,700."
travelplanner_test_0266,266,San Diego,Oregon,7,easy,1,5900,"{""cuisine"": null, ""house rule"": null, ""room type"": null, ""transportation"": null}",budget_only,3,39867,202,"Could you assist me in planning a 7-day solo trip from San Diego to Oregon spanning from March 6th to March 12th, 2022? I plan to visit 3 different cities during my travel. My budget for the entire duration of the trip is $5,900."
travelplanner_test_0268,268,Detroit,Minnesota,7,easy,1,5800,"{""cuisine"": null, ""house rule"": null, ""room type"": null, ""transportation"": null}",budget_only,3,39956,211,"Can you help me with a 7-day travel plan for a solo trip, starting from Detroit and covering 3 cities in Minnesota from March 20th to March 26th, 2022? The total budget for this trip is $5,800."
travelplanner_test_0276,276,Twin Falls,Utah,7,easy,1,3400,"{""cuisine"": null, ""house rule"": null, ""room type"": null, ""transportation"": null}",budget_only,1,36916,194,"I need to plan a 7-day solo trip, departing from Twin Falls and visiting 3 different cities in Utah. The trip will span from March 23rd to March 29th, 2022. My budget for this trip is $3,400. Could you assist in planning this trip?"
travelplanner_test_0283,283,Orlando,Massachusetts,7,easy,1,5800,"{""cuisine"": null, ""house rule"": null, ""room type"": null, ""transportation"": null}",budget_only,4,44321,231,"Can you assist in preparing a travel plan for one person? The journey, spanning 7 days, should start in Orlando and include visits to 3 cities in Massachusetts between the dates of March 22nd and 28th, 2022. The total budget for the trip is set at $5,800."
travelplanner_test_0288,288,New Orleans,Kentucky,7,easy,1,5500,"{""cuisine"": null, ""house rule"": null, ""room type"": null, ""transportation"": null}",budget_only,1,35805,192,"Can you help plan a 7-day solo trip starting from New Orleans and covering 3 cities in Kentucky? The journey should take place from March 16th to March 22nd, 2022, and the travel budget is capped at $5,500."
travelplanner_test_0298,298,Kansas City,Arizona,7,easy,1,4300,"{""cuisine"": null, ""house rule"": null, ""room type"": null, ""transportation"": null}",budget_only,2,39445,203,"I need assistance in creating a week-long travel plan for one person, starting from Kansas City and visiting 3 distinct cities in Arizona. The travel dates are from the 21st to 27th of March, 2022. The travel budget allocated for this trip is $4,300."
travelplanner_test_0317,317,Las Vegas,Wisconsin,7,easy,1,3800,"{""cuisine"": null, ""house rule"": null, ""room type"": null, ""transportation"": null}",budget_only,2,37291,199,"Can you devise a week-long travel itinerary departing from Las Vegas and covering 3 cities in Wisconsin? The travel dates are from March 19th to March 25th, 2022. This trip is for a solo traveler with a budget of $3,800."
travelplanner_test_0324,324,Dallas,North Dakota,7,easy,1,4200,"{""cuisine"": null, ""house rule"": null, ""room type"": null, ""transportation"": null}",budget_only,2,37754,205,"Can you assist with creating a travel schedule that spans 7 days, starting from March 3rd to March 9th, 2022, for a solo traveler? The journey begins in Dallas and involves visiting 3 different cities in North Dakota. The budget for this trip is set at $4,200."
travelplanner_test_0331,331,Punta Gorda,Iowa,7,easy,1,4900,"{""cuisine"": null, ""house rule"": null, ""room type"": null, ""transportation"": null}",budget_only,1,35886,187,"I need a travel itinerary for a 7-day solo trip. The journey begins in Punta Gorda, with the destination being Iowa, and I plan to visit 3 different cities there. The trip dates are from March 5th to March 11th, 2022, with a set budget of $4,900."
travelplanner_test_0339,339,Columbus,North Carolina,7,easy,1,2800,"{""cuisine"": null, ""house rule"": null, ""room type"": null, ""transportation"": null}",budget_only,4,42412,215,"Could you assist in creating a one-week travel plan for one person? The journey will be starting from Columbus and will include a visit to 3 different cities in North Carolina from March 1st to March 7th, 2022. The new budget available for this trip is $2,800."
travelplanner_test_0341,341,Everett,Oregon,7,easy,1,1600,"{""cuisine"": null, ""house rule"": null, ""room type"": null, ""transportation"": null}",budget_only,2,39359,200,"Could you assist in creating a travel itinerary for an individual departing from Everett and heading to Oregon with a plan to visit 3 cities within a span of 7 days from March 9th to March 15th, 2022? The total available budget for this trip is $1,600."
travelplanner_test_0342,342,Dallas,Montana,7,easy,1,6500,"{""cuisine"": null, ""house rule"": null, ""room type"": null, ""transportation"": null}",budget_only,1,36581,192,"Can you help to generate a week-long travel plan for me alone? My trip will start in Dallas and I intend to visit 3 different cities in Montana from March 23rd to March 29th, 2022. My budget for this tour is $6,500."
travelplanner_test_0351,351,Baltimore,Syracuse,3,medium,2,2300,"{""cuisine"": null, ""house rule"": ""pets"", ""room type"": null, ""transportation"": null}",house rule,3,15550,81,"Please organize a travel itinerary for a 3-day trip from Baltimore to Syracuse for 2 people, visiting one city, from March 4th to March 6th, 2022. We have a budget of $2,300 for this trip. The places we stay should allow pets."
travelplanner_test_0354,354,Salt Lake City,New Orleans,3,medium,2,3100,"{""cuisine"": null, ""house rule"": ""smoking"", ""room type"": null, ""transportation"": null}",house rule,3,14206,74,"Can you assist with developing a 3-day trip plan for 2 people? We'll be leaving Salt Lake City and heading to New Orleans from March 1st to March 3rd, 2022. Our revised travel budget is $3,100. Additionally, we would like to stay in accommodations where smoking is allowed."
travelplanner_test_0357,357,Buffalo,Boston,3,medium,4,2400,"{""cuisine"": [""American"", ""French""], ""house rule"": null, ""room type"": null, ""transportation"": null}",cuisine,3,14523,77,"Help me draft a 3-day itinerary for 4 people traveling from Buffalo to Boston, spanning from March 4th to March 6th, 2022. Our budget is set at $2,400 and we are open to any sorts of accommodations. We'd ideally like to experience both French and American cuisines while we're there."
travelplanner_test_0358,358,Denver,Savannah,3,medium,2,2300,"{""cuisine"": [""American"", ""Italian""], ""house rule"": null, ""room type"": null, ""transportation"": null}",cuisine,1,12552,63,"Can you organize a 3-day trip for two people, departing from Denver and traveling to Savannah, commencing on March 14th and concluding on March 16th, 2022? Our budget is set to $2,300. As for meals, we prefer both Italian and American cuisine."
travelplanner_test_0359,359,Newark,San Francisco,3,medium,4,10900,"{""cuisine"": [""Chinese"", ""Italian""], ""house rule"": null, ""room type"": null, ""transportation"": null}",cuisine,4,17643,86,"Could you create a travel itinerary for a group of 4 leaving from Newark and visiting San Francisco for 3 days, from March 20th to March 22nd, 2022? We have a budget of $10,900 and prefer Chinese and Italian cuisines during our stay."
travelplanner_test_0362,362,San Francisco,Tucson,3,medium,2,2300,"{""cuisine"": [""Mexican"", ""French""], ""house rule"": null, ""room type"": null, ""transportation"": null}",cuisine,2,13539,70,"Please construct a three-day travel plan starting from San Francisco and heading to Tucson for two people. The trip will span from March 9th to March 11th, 2022, with a budget set to $2,300. During this trip, we would love to experience both Mexican and French cuisines."
travelplanner_test_0364,364,Myrtle Beach,Baltimore,3,medium,2,1800,"{""cuisine"": null, ""house rule"": null, ""room type"": ""shared room"", ""transportation"": null}",room type,4,17032,90,"Please create a travel plan for two people, originating from Myrtle Beach and heading to Baltimore. The trip should span 3 days, from March 9th to March 11th, 2022, on a budget of $1,800. We would prefer shared room accommodations for our stay."
travelplanner_test_0365,365,Memphis,Phoenix,3,medium,5,10500,"{""cuisine"": null, ""house rule"": null, ""room type"": ""private room"", ""transportation"": null}",room type,2,13487,68,"Could you help create a 3-day travel itinerary for a group of 5 from Memphis to Phoenix from the 18th to the 20th of March, 2022? We have a budget of $10,500 and would prefer to have private rooms for our accommodations."
travelplanner_test_0368,368,Las Vegas,Milwaukee,3,medium,3,7800,"{""cuisine"": null, ""house rule"": ""visitors"", ""room type"": null, ""transportation"": null}",house rule,2,12904,69,"Could you help me create a travel plan for a group of 3, departing from Las Vegas and visiting Milwaukee over 3 days from March 12th to March 14th, 2022? We have a budget of $7,800 and we require accommodations that allow visitors."
travelplanner_test_0369,369,Houston,Gunnison,3,medium,2,2000,"{""cuisine"": null, ""house rule"": ""smoking"", ""room type"": null, ""transportation"": null}",house rule,1,8789,51,"Could you devise a travel plan starting from Houston and heading to Gunnison? The trip is expected to be for 3 days, from March 1st to March 3rd, 2022, for 2 people. Our budget is set at $2,000. We require accommodations that allow smoking."
travelplanner_test_0370,370,Fort Dodge,Denver,3,medium,2,1200,"{""cuisine"": null, ""house rule"": null, ""room type"": ""not shared room"", ""transportation"": null}",room type,1,11099,57,"Could you design a three-day travel plan for two people, departing from Fort Dodge and heading to Denver on the dates of March 25th to March 27th, 2022? The accommodation preferences include non-shared rooms, with a total budget of $1,200."
travelplanner_test_0373,373,Missoula,Oakland,3,medium,6,10300,"{""cuisine"": null, ""house rule"": ""smoking"", ""room type"": null, ""transportation"": null}",house rule,1,11543,64,"Please help me arrange a 3-day trip departing from Missoula to Oakland from March 17th to March 19th, 2022 for a group of 6 people. We have a budget of $10,300 for this trip, and we require our accommodations to allow smoking."
travelplanner_test_0376,376,Montgomery,Dallas,3,medium,2,2500,"{""cuisine"": [""American"", ""Italian""], ""house rule"": null, ""room type"": null, ""transportation"": null}",cuisine,4,20247,113,"Could you assist with developing a 3-day travel plan for 2 people, initiating from Montgomery with Dallas as the destination? The trip is planned from March 25th to March 27th, 2022, and we've allocated a budget of $2,500 for this journey. We love Italian and American food, and we'd love recommendations for the best places to enjoy these cuisines."
travelplanner_test_0380,380,New York,Austin,3,medium,2,3000,"{""cuisine"": null, ""house rule"": null, ""room type"": ""not shared room"", ""transportation"": null}",room type,3,14398,77,"Could you create a 3-day travel plan for two people, starting in New York and heading to Austin? We are planning our journey to be from March 5th to March 7th, 2022. Our lodging preferences are rooms that are not shared with others. Our total budget for this trip is set at $3,000."
travelplanner_test_0387,387,Anchorage,Seattle,3,medium,2,3100,"{""cuisine"": null, ""house rule"": null, ""room type"": ""private room"", ""transportation"": null}",room type,4,20278,101,"Kindly make a 3-day travel itinerary for two persons departing from Anchorage and arriving in Seattle from the 2nd to the 4th of March, 2022. Our accommodation preference is private rooms. The budget for this trip is set at $3,100."
travelplanner_test_0390,390,Pocatello,Salt Lake City,3,medium,6,5800,"{""cuisine"": [""Chinese"", ""Mexican""], ""house rule"": null, ""room type"": null, ""transportation"": null}",cuisine,1,11608,58,"Can you assist in creating a 3-day travel itinerary for 6 people, starting from Pocatello and heading to Salt Lake City? The trip is scheduled from March 1st to March 3rd, 2022, and we have a budget of $5,800 to work with. During our stay, we would specifically love to try Mexican and Chinese cuisines."
travelplanner_test_0391,391,Fort Myers,Trenton,3,medium,8,8600,"{""cuisine"": [""Mexican"", ""Mediterranean""], ""house rule"": null, ""room type"": null, ""transportation"": null}",cuisine,1,12614,68,"Please create a 3-day travel plan for a group of 8, departing from Fort Myers and heading to Trenton, from March 20th to March 22nd, 2022. We enjoy Mediterranean and Mexican cuisines and have a budget of $8,600."
travelplanner_test_0394,394,Miami,Atlantic City,3,medium,2,800,"{""cuisine"": null, ""house rule"": null, ""room type"": ""private room"", ""transportation"": null}",room type,2,12892,66,"Please create a travel itinerary for a 3-day trip for 2 people, departing from Miami and heading to Atlantic City. The journey spans from March 23rd to March 25th, 2022. Our accommodations should be private rooms, and we have a budget of $800."
travelplanner_test_0402,402,Minneapolis,Miami,3,medium,7,9600,"{""cuisine"": [""Mediterranean"", ""French""], ""house rule"": null, ""room type"": null, ""transportation"": null}",cuisine,3,14529,78,"Could you construct a 3-day travel itinerary for a group of 7, beginning in Minneapolis and heading to Miami, from March 3rd to March 5th, 2022? We have set a budget of $9,600 for this trip. We would like to enjoy French and Mediterranean cuisine during our journey."
travelplanner_test_0404,404,Savannah,Charlotte,3,medium,2,2400,"{""cuisine"": null, ""house rule"": ""children under 10"", ""room type"": null, ""transportation"": null}",house rule,4,16466,83,"Could you design a 3-day trip itinerary for two people traveling from Savannah to Charlotte, starting from March 27th till March 29th, 2022, with a total budget of $2,400? Please ensure that our accommodations are kid-friendly as we will have children under 10 with us."
travelplanner_test_0408,408,Nashville,San Diego,3,medium,2,3900,"{""cuisine"": null, ""house rule"": null, ""room type"": ""not shared room"", ""transportation"": null}",room type,1,11685,60,"Please help plan a tour for two people departing from Nashville and heading to San Diego for 3 days, specifically from March 11th to March 13th, 2022, with a budget of $3,900. We would prefer accommodations where the rooms aren't shared with others."
travelplanner_test_0412,412,Little Rock,Atlanta,3,medium,8,13600,"{""cuisine"": null, ""house rule"": ""parties"", ""room type"": null, ""transportation"": null}",house rule,4,16241,86,"Could you prepare a 3-day travel itinerary, from March 12th to March 14th, 2022, for a group of 8 departing Little Rock with Atlanta as their destination? Our budget for this trip is set at $13,600. We require accommodations that allow parties."
travelplanner_test_0416,416,Belleville,Las Vegas,3,medium,2,1000,"{""cuisine"": null, ""house rule"": ""parties"", ""room type"": null, ""transportation"": null}",house rule,2,13045,63,"Could you help us design a travel plan that originates from Belleville, aiming at Las Vegas as the destination? We intend to keep our trip within 3 days, precisely from March 20th to March 22nd, 2022. We are a pair with a budget set at $1,000. Furthermore, we anticipate accommodations that permit parties."
travelplanner_test_0417,417,Dallas,Reno,3,medium,8,11600,"{""cuisine"": null, ""house rule"": ""visitors"", ""room type"": null, ""transportation"": null}",house rule,2,12947,73,"Can you provide a 3-day travel plan for a group of 8 departing from Dallas and heading to Reno from March 11th to March 13th, 2022? Our budget is $11,600. The accommodations should allow visitors."
travelplanner_test_0418,418,Kansas City,Los Angeles,3,medium,2,3200,"{""cuisine"": [""Indian"", ""French""], ""house rule"": null, ""room type"": null, ""transportation"": null}",cuisine,2,13961,70,"Could you organize a 3-day trip for 2 people starting from Kansas City and heading to Los Angeles? We plan to be there from March 17th to March 19th, 2022. Our budget for the trip is $3,200. As for the meals, we are particularly fond of French and Indian cuisines."
travelplanner_test_0419,419,La Crosse,Detroit,3,medium,6,2600,"{""cuisine"": null, ""house rule"": null, ""room type"": ""private room"", ""transportation"": null}",room type,1,12363,65,"We need a trip plan starting from La Crosse to Detroit for a duration of 3 days, from March 20th to March 22nd, 2022. The trip involves a group of 6 people and our budget is set at $2,600. Also, we require private rooms for accommodations."
travelplanner_test_0422,422,Reno,Portland,3,medium,3,3200,"{""cuisine"": [""Chinese"", ""Italian""], ""house rule"": null, ""room type"": null, ""transportation"": null}",cuisine,3,14620,74,"Could you assist in formulating a 3-day travel plan for a group of 3 people, departing from Reno and heading to Portland from March 19th to March 21st, 2022? Our budget is set at $3,200. Please consider our preference for Italian and Chinese cuisines when arranging our meals during the trip."
travelplanner_test_0424,424,Phoenix,Nashville,3,medium,6,10100,"{""cuisine"": null, ""house rule"": null, ""room type"": ""entire room"", ""transportation"": null}",room type,2,13183,64,"Could you help design a 3-day travel itinerary for a group of 6 people, departing from Phoenix and heading to Nashville to visit one city from March 27th to March 29th, 2022? Our budget is now set at $10,100, and we require accommodations with entire rooms."
travelplanner_test_0425,425,Green Bay,Orlando,3,medium,2,2100,"{""cuisine"": null, ""house rule"": ""parties"", ""room type"": null, ""transportation"": null}",house rule,2,12945,66,"Please assist in putting together a 3-day travel plan for a party of 2. We'll be departing Green Bay and heading to Orlando from March 1st to March 3rd, 2022. We're planning a budget of $2,100, and we're looking for accommodations that allow parties."
travelplanner_test_0431,431,Minneapolis,Buffalo,3,medium,7,3900,"{""cuisine"": null, ""house rule"": ""children under 10"", ""room type"": null, ""transportation"": null}",house rule,1,12162,65,"Could you put together a 3-day travel itinerary for a group of 7, departing from Minneapolis and heading to Buffalo? We intend to travel from March 24th to March 26th, 2022, and have a budget of $3,900. We'll be traveling with children under 10, so please ensure our accommodations allow kids of that age."
travelplanner_test_0436,436,Charleston,Indianapolis,3,medium,2,900,"{""cuisine"": null, ""house rule"": null, ""room type"": ""not shared room"", ""transportation"": null}",room type,3,14887,78,"Could you plan a trip for 2 from Charleston to Indianapolis, lasting for 3 days from March 19th to March 21st, 2022? We have a budget of $900 and would like to stay in accommodations that are not shared rooms."
travelplanner_test_0440,440,Charlotte Amalie,Atlanta,3,medium,3,6300,"{""cuisine"": [""American"", ""French""], ""house rule"": null, ""room type"": null, ""transportation"": null}",cuisine,3,14129,78,"Could you please create a 3-day travel itinerary for a group of 3, departing from Charlotte Amalie and arriving in Atlanta from the 9th to the 11th of March, 2022? The total travel budget is set at $6,300. As for our dining preferences, we would like to try French and American cuisines during our trip."
travelplanner_test_0442,442,New York,Cleveland,3,medium,6,6500,"{""cuisine"": [""Chinese"", ""Mexican""], ""house rule"": null, ""room type"": null, ""transportation"": null}",cuisine,4,18168,85,"Please help prepare a travel itinerary starting from New York to Cleveland for a group of 6. The trip should cover 3 days, from March 19th to March 21st, 2022. The budget for this trip is $6,500. During our stay, we would like to enjoy Mexican and Chinese cuisines."
travelplanner_test_0450,450,Sacramento,Honolulu,3,medium,7,15600,"{""cuisine"": null, ""house rule"": null, ""room type"": ""entire room"", ""transportation"": null}",room type,3,14602,76,"I need assistance in putting together a travel plan for a group of 7, leaving from Sacramento and heading to Honolulu. The trip will consist of 3 days, specifically from March 24th to March 26th, 2022. We have a budget of $15,600 for this excursion. For our accommodations, our preference is for entire rooms. Can you help out with this?"
travelplanner_test_0451,451,Austin,Oklahoma City,3,medium,2,2100,"{""cuisine"": null, ""house rule"": ""pets"", ""room type"": null, ""transportation"": null}",house rule,4,15802,78,"Could you create a travel plan for two people, departing from Austin to Oklahoma City for a 3-day trip from March 15th to March 17th, 2022, with a budget of $2,100? We are bringing our pet, and we need to stay in accommodations that allow pets."
travelplanner_test_0453,453,San Antonio,California,5,medium,2,7500,"{""cuisine"": null, ""house rule"": null, ""room type"": ""shared room"", ""transportation"": null}",room type,1,24173,124,"Can you construct a 5-day trip plan for two people starting from San Antonio and visiting 2 cities in California? This journey will occur from March 14th to March 18th, 2022. Our budget is set to $7,500. We are also willing to stay in shared rooms for our accommodations."
travelplanner_test_0454,454,San Jose,Hawaii,5,medium,7,25700,"{""cuisine"": null, ""house rule"": null, ""room type"": ""private room"", ""transportation"": null}",room type,4,34150,174,"Could you create a travel plan? This should be a 5-day trip for a group of 7 people originating from San Jose and visiting 2 cities in Hawaii. The travel dates we are considering are from March 7th to March 11th, 2022. We have budgeted $25,700 for this trip. Our accommodation preference is for private rooms."
travelplanner_test_0459,459,Charlottesville,Georgia,5,medium,2,3800,"{""cuisine"": null, ""house rule"": ""visitors"", ""room type"": null, ""transportation"": null}",house rule,3,26931,146,"I need assistance in creating a travel plan for two people, traveling from Charlottesville to Georgia. We intend to visit 2 different cities over a period of 5 days, from March 20th to March 24th, 2022. Our budget for this trip is $3,800. We're expecting our accommodations to allow visitors as per the house rules."
travelplanner_test_0462,462,Bloomington,Michigan,5,medium,7,15900,"{""cuisine"": null, ""house rule"": ""visitors"", ""room type"": null, ""transportation"": null}",house rule,1,24543,131,"Could you create a 5-day adventure itinerary for a group of 7, beginning in Bloomington and leading to the exploration of 2 cities in Michigan, from March 17th to March 21st, 2022? We have a total budget of $15,900 and require accommodations that welcome visitors."
travelplanner_test_0467,467,Baltimore,Virginia,5,medium,2,2900,"{""cuisine"": null, ""house rule"": null, ""room type"": ""entire room"", ""transportation"": null}",room type,3,26796,139,"Could you please formulate a 5-day travel plan for two individuals traveling from Baltimore to visit 2 distinct cities in Virginia, from March 1st to March 5th, 2022? Our preference is to have entire rooms for our accommodations, with a budget ceiling of $2,900."
travelplanner_test_0475,475,Moline,Florida,5,medium,2,3000,"{""cuisine"": null, ""house rule"": ""smoking"", ""room type"": null, ""transportation"": null}",house rule,1,24682,133,"Can you organize a five-day journey for two people, departing from Moline and visiting two cities in Florida from March 18th to March 22nd, 2022? We have a budget of $3,000, and we require accommodations that allow smoking."
travelplanner_test_0476,476,St. Cloud,Florida,5,medium,7,25500,"{""cuisine"": null, ""house rule"": ""children under 10"", ""room type"": null, ""transportation"": null}",house rule,3,27491,145,"Could you create a 5-day travel itinerary for a group of 7 from St. Cloud, planning to visit 2 cities in Florida from March 17th to March 21st, 2022? We have a budget of $25,500. Please note, our accommodations should be suitable for children under 10."
travelplanner_test_0479,479,Bozeman,California,5,medium,7,6700,"{""cuisine"": [""American"", ""French""], ""house rule"": null, ""room type"": null, ""transportation"": null}",cuisine,2,25246,133,"Could you suggest a 5-day travel itinerary for a group of 7 departing from Bozeman and visiting 2 cities in California? We'll be traveling from March 14th to March 18th, 2022, and our maximum budget is now set at $6,700. For dining, we are particularly interested in French and American cuisines."
travelplanner_test_0481,481,Fort Wayne,North Carolina,5,medium,2,6100,"{""cuisine"": null, ""house rule"": null, ""room type"": ""not shared room"", ""transportation"": null}",room type,2,26479,134,"Could you please create a travel plan that starts in Fort Wayne and covers 2 cities in North Carolina? This plan would be for a 5-day trip from March 12th to March 16th, 2022, for two people, with a total budget of $6,100. For our overnight stays, we would prefer accommodations that are not shared rooms."
travelplanner_test_0482,482,Dayton,Pennsylvania,5,medium,4,7200,"{""cuisine"": null, ""house rule"": null, ""room type"": ""private room"", ""transportation"": null}",room type,2,25054,137,"Can you provide a 5-day travel plan for 4 people departing from Dayton and visiting 2 cities in Pennsylvania from March 26th to March 30th, 2022? Our budget is $7,200, and we prefer to stay in private rooms."
travelplanner_test_0483,483,St. Louis,Nebraska,5,medium,3,7000,"{""cuisine"": [""Italian"", ""French""], ""house rule"": null, ""room type"": null, ""transportation"": null}",cuisine,2,26472,145,"Can you help formulate a 5-day travel plan for a party of 3? We're starting from St. Louis and plan to visit 2 cities in Nebraska from March 19th to March 23rd, 2022. Our budget is set at $7,000. During our trip, we'd like to enjoy some French and Italian cuisines."
travelplanner_test_0485,485,Richmond,Massachusetts,5,medium,2,5300,"{""cuisine"": null, ""house rule"": null, ""room type"": ""private room"", ""transportation"": null}",room type,4,28678,154,"Please help me create a 5-day travel itinerary for two people, starting in Richmond and visiting two cities in Massachusetts. The travel dates are from March 26th to March 30th, 2022. The budget for this trip is set at $5,300 and we'd prefer to have private rooms for our accommodation."
travelplanner_test_0486,486,Philadelphia,Missouri,5,medium,4,9000,"{""cuisine"": [""Chinese"", ""American""], ""house rule"": null, ""room type"": null, ""transportation"": null}",cuisine,3,28574,148,"I need assistance in creating a 5-day travel plan for a group of 4 people. Our group will be traveling from Philadelphia to visit 2 cities in Missouri from March 5th, 2022, to March 9th, 2022. We have a budget of $9,000 for this trip. During our stay, we would love to enjoy Chinese and American cuisines."
travelplanner_test_0487,487,Detroit,Utah,5,medium,2,6500,"{""cuisine"": [""Italian"", ""Mediterranean""], ""house rule"": null, ""room type"": null, ""transportation"": null}",cuisine,1,23231,123,"Could you create a 5-day travel plan for two people leaving from Detroit and intending to visit 2 cities in Utah from the 7th to the 11th of March, 2022, with a budget of $6,500? We'd love to enjoy Italian and Mediterranean cuisine during our stay."
travelplanner_test_0490,490,Nashville,Louisiana,5,medium,3,5800,"{""cuisine"": null, ""house rule"": null, ""room type"": ""entire room"", ""transportation"": null}",room type,4,28861,150,"Could you devise a 5-day travel itinerary for a group of 3, initiating in Nashville, with the goal of visiting 2 cities in Louisiana from March 13th to March 17th, 2022? Our budget allows for up to $5,800. We prefer entire rooms for our accommodations during this trip."
travelplanner_test_0497,497,Oakland,Washington,5,medium,2,3400,"{""cuisine"": null, ""house rule"": ""smoking"", ""room type"": null, ""transportation"": null}",house rule,4,30486,158,"Could you formulate a 5-day travel plan for two individuals, beginning in Oakland and visiting two cities in Washington. The journey would take place from March 23rd to March 27th, 2022. We have allocated a budget of $3,400 for this trip. As for accommodations, it is critical that the places allow smoking."
travelplanner_test_0498,498,Fresno,Arizona,5,medium,2,3900,"{""cuisine"": null, ""house rule"": null, ""room type"": ""entire room"", ""transportation"": null}",room type,1,24635,131,"Could you craft a 5-day travel plan for 2 people, with the journey beginning in Fresno and encompassing 2 cities in Arizona from March 3rd to March 7th, 2022? Our budget is set at $3,900 for this trip. We require accommodations that should ideally be entire rooms."
travelplanner_test_0502,502,Syracuse,Tennessee,5,medium,2,1700,"{""cuisine"": null, ""house rule"": null, ""room type"": ""not shared room"", ""transportation"": null}",room type,1,23767,120,"Could you propose a 5-day travel itinerary for 2 people, beginning in Syracuse and visiting 2 cities in Tennessee from March 24th to March 28th, 2022? Our maximum budget is now $1,700. For our lodgings, we require rooms that are not shared with others."
travelplanner_test_0503,503,Grand Rapids,Texas,5,medium,2,6600,"{""cuisine"": [""Italian"", ""Indian""], ""house rule"": null, ""room type"": null, ""transportation"": null}",cuisine,3,26790,142,"Could you organize a 5-day journey for a pair, traveling from Grand Rapids to Texas from March 22nd to March 26th, 2022? We plan to visit 2 cities within Texas. With a revised budget of $6,600, we have a preference for Italian and Indian cuisines and would appreciate dining at establishments that offer these options."
travelplanner_test_0504,504,Sarasota,Texas,5,medium,5,9600,"{""cuisine"": [""Chinese"", ""Mediterranean""], ""house rule"": null, ""room type"": null, ""transportation"": null}",cuisine,4,39124,207,"Could you help craft a 5-day travel itinerary for a group of 5, starting from Sarasota to visit 2 cities in Texas from March 27th to March 31st, 2022? Our budget is around $9,600. Regarding meals, we enjoy both Chinese and Mediterranean cuisines. We are also uncertain about the number of accommodations needed, so please consider arrangements for multiple rooms."
travelplanner_test_0518,518,Fort Lauderdale,Wisconsin,5,medium,2,2100,"{""cuisine"": null, ""house rule"": ""children under 10"", ""room type"": null, ""transportation"": null}",house rule,2,26178,138,"Could you provide a 5-day travel plan for 2 people from Fort Lauderdale to visit 2 cities in Wisconsin, with travel dates from March 18th to March 22nd, 2022? Our budget is now $2,100 and we need the accommodations to be suitable for children under 10 years old."
travelplanner_test_0525,525,Cedar Rapids,Michigan,5,medium,2,2200,"{""cuisine"": [""Mexican"", ""French""], ""house rule"": null, ""room type"": null, ""transportation"": null}",cuisine,1,24562,131,"Could you assist in creating a 5-day travel plan for two individuals, starting in Cedar Rapids and visiting two distinct cities in Michigan from March 9th to March 13th, 2022? We have a budget of $2,200. In terms of cuisine, we are particularly interested in sampling French and Mexican foods during our journey."
travelplanner_test_0526,526,Hartford,North Carolina,5,medium,3,6100,"{""cuisine"": null, ""house rule"": ""pets"", ""room type"": null, ""transportation"": null}",house rule,3,27170,137,"Can you help in designing a 5-day travel itinerary for 3 people? We are starting from Hartford and wish to visit 2 cities in North Carolina from March 11th to March 15th in 2022. Our budget is $6,100. Please note, we'll be bringing our pets along, so it is important that our accommodations are pet-friendly."
travelplanner_test_0536,536,Nashville,Virginia,5,medium,7,13200,"{""cuisine"": null, ""house rule"": null, ""room type"": ""entire room"", ""transportation"": null}",room type,3,27658,146,"Please create a 5-day itinerary for 7 people traveling from Nashville to visit 2 cities in Virginia from March 16th to March 20th, 2022. They have a budget of $13,200. For their stay, they require accommodations with entire rooms to themselves."
travelplanner_test_0537,537,Los Angeles,Washington,5,medium,2,3000,"{""cuisine"": [""Italian"", ""Indian""], ""house rule"": null, ""room type"": null, ""transportation"": null}",cuisine,4,29172,148,"Could you devise a 5-day travel plan for 2 individuals starting from Los Angeles and venturing to two cities in Washington from March 11th to March 15th, 2022? Our budget is $3,000. We would like to explore Italian and Indian cuisines during our trip."
travelplanner_test_0539,539,Peoria,Arizona,5,medium,4,7000,"{""cuisine"": [""Italian"", ""Indian""], ""house rule"": null, ""room type"": null, ""transportation"": null}",cuisine,1,24975,128,"Could you help create a 5-day travel plan for a party of 4, leaving from Peoria to visit 2 cities in Arizona, starting on March 24th through March 28th, 2022? Our budget is now set at $7,000. During our trip, we would love to experience both Italian and Indian cuisines."
travelplanner_test_0540,540,Cincinnati,New York,5,medium,5,17300,"{""cuisine"": [""American"", ""Indian""], ""house rule"": null, ""room type"": null, ""transportation"": null}",cuisine,2,25941,135,"Could you formulate a 5-day travel itinerary for a group of 5, with a starting point in Cincinnati and going to explore 2 cities in New York from March 8th to March 12th, 2022? Keep in mind a budget of $17,300. Also, during our travel, we are interested in enjoying American and Indian cuisines."
travelplanner_test_0541,541,Burbank,Washington,5,medium,4,16900,"{""cuisine"": null, ""house rule"": ""visitors"", ""room type"": null, ""transportation"": null}",house rule,2,25746,139,"Could you prepare a 5-day travel plan for a party of 4, departing from Burbank and visiting 2 cities in Washington from March 21st to March 25th, 2022? We have set aside a budget of $16,900 for this journey. Since we expect to entertain visitors, we require accommodations with a visitors-allowed policy."
travelplanner_test_0545,545,Louisville,North Carolina,5,medium,2,4000,"{""cuisine"": [""Chinese"", ""Mediterranean""], ""house rule"": null, ""room type"": null, ""transportation"": null}",cuisine,4,28605,143,"Could you construct a 5-day travel itinerary for a pair, commencing in Louisville and touring 2 cities in North Carolina from March 19th to March 23rd, 2022? We are operating on a budget of $4,000. As for dining preferences, we enjoy Mediterranean and Chinese cuisine."
travelplanner_test_0547,547,Jacksonville,Indiana,5,medium,2,3400,"{""cuisine"": null, ""house rule"": ""visitors"", ""room type"": null, ""transportation"": null}",house rule,2,25101,132,"Could you help in creating a 5-day trip starting from Jacksonville and covering 2 cities in Indiana for 2 people from March 24th to March 28th, 2022? Our budget is set at $3,400. Our accommodations must be visitor-friendly."
travelplanner_test_0550,550,Santa Ana,Idaho,5,medium,2,5200,"{""cuisine"": null, ""house rule"": null, ""room type"": ""entire room"", ""transportation"": null}",room type,3,26666,137,"May you create a travel schedule for 2 individuals traveling from Santa Ana to Idaho over 5 days, from March 5th to March 9th, 2022? We plan to visit 2 cities. We've set a budget of $5,200 for this trip. For accommodations, we'd prefer to book entire rooms. There are no specific cuisine preferences or transportation constraints for this trip."
travelplanner_test_0551,551,Fort Myers,Ohio,5,medium,2,3200,"{""cuisine"": null, ""house rule"": null, ""room type"": ""not shared room"", ""transportation"": null}",room type,1,24273,125,"Could you help me curate a 5-day travel plan that begins in Fort Myers and includes visiting 2 cities in Ohio from March 3rd to March 7th, 2022? The budget for the trip is $3,200 for two people, and we prefer accommodations where rooms are not shared."
travelplanner_test_0553,553,Johnstown,Illinois,5,medium,5,11800,"{""cuisine"": [""Mexican"", ""French""], ""house rule"": null, ""room type"": null, ""transportation"": null}",cuisine,2,25856,134,"Could you assist in designing a 5-day travel plan for a group of 5 departing from Johnstown and planning to visit 2 cities in Illinois from March 1st to March 5th, 2022? We have allocated a budget of $11,800 for this trip. Additionally, we are interested in trying Mexican and French cuisines during our stay. We require accommodations that accommodate our group size."
travelplanner_test_0554,554,Baltimore,New York,5,medium,3,6900,"{""cuisine"": null, ""house rule"": ""pets"", ""room type"": null, ""transportation"": null}",house rule,4,29423,148,"Could you assemble a 5-day travel plan for a team of 3, leaving from Baltimore and visiting 2 cities in New York from March 2nd to March 6th, 2022? We have a budget of $6,900, and we require accommodations that are pet-friendly."
travelplanner_test_0563,563,Norfolk,Tennessee,5,medium,3,5800,"{""cuisine"": null, ""house rule"": ""pets"", ""room type"": null, ""transportation"": null}",house rule,3,27574,143,"Could you construct a travel itinerary for a group of 3 departing from Norfolk to Tennessee? We plan to explore 2 cities in Tennessee within 5 days, from March 6th to March 10th, 2022. Our budget for this trip has been reset to $5,800. We are bringing our pets, so our accommodations must allow pets."
travelplanner_test_0569,569,New Orleans,Kentucky,7,medium,2,8100,"{""cuisine"": null, ""house rule"": null, ""room type"": ""entire room"", ""transportation"": null}",room type,1,35805,192,"Could you help me organize a 7-day trip for 2 people, departing from New Orleans and visiting 3 cities in Kentucky? The travel dates we're considering are from March 22nd to March 28th, 2022. Our budget is now $8,100. For accommodations, we require entire rooms. Dining preferences and transportation options haven't been specified."
travelplanner_test_0573,573,Des Moines,Missouri,7,medium,2,7700,"{""cuisine"": [""American"", ""Indian""], ""house rule"": null, ""room type"": null, ""transportation"": null}",cuisine,3,41628,221,"Could you please create a 7-day travel itinerary for 2 people, starting from Des Moines and visiting 3 cities in Missouri between March 22nd and March 28th, 2022? We prefer American and Indian cuisines. Our budget for the trip is set to $7,700."
travelplanner_test_0575,575,Orlando,Iowa,7,medium,2,2300,"{""cuisine"": null, ""house rule"": ""pets"", ""room type"": null, ""transportation"": null}",house rule,1,35615,188,"Could you create a 7-day travel itinerary for 2 people, leaving from Orlando and heading to Iowa where we'll visit 3 separate cities? Our journey is scheduled to take place from March 16th through March 22nd, 2022, and our budget for the trip is $2,300. It's important that our accommodations allow pets, as we will be bringing ours along."
travelplanner_test_0576,576,South Bend,North Carolina,7,medium,2,2900,"{""cuisine"": [""Indian"", ""Mediterranean""], ""house rule"": null, ""room type"": null, ""transportation"": null}",cuisine,2,38934,200,"Could you help design a 7-day travel itinerary for two people departing from South Bend and visiting three cities in North Carolina from March 5th to March 11th, 2022? Our budget is now set at $2,900. We would like to explore accommodations and taste Mediterranean and Indian cuisines during our trip."
travelplanner_test_0577,577,Appleton,Illinois,7,medium,2,7300,"{""cuisine"": null, ""house rule"": ""smoking"", ""room type"": null, ""transportation"": null}",house rule,2,37978,196,"I need your assistance in creating a travel itinerary. The journey should start from Appleton and cover 3 different cities in Illinois over a period of 7 days, specifically from March 1st to March 7th, 2022. The budget for this trip is set at $7,300 for 2 people. It's significant to note that our chosen accommodations must permit smoking."
travelplanner_test_0584,584,Orlando,Illinois,7,medium,5,21200,"{""cuisine"": null, ""house rule"": null, ""room type"": ""entire room"", ""transportation"": null}",room type,4,43434,221,"Can you craft a travel plan for 5 individuals leaving from Orlando and visiting 3 cities in Illinois over a 7-day period - from March 8th to March 14th, 2022? Our budget is $21,200, and we prefer to have accommodations with entire rooms."
travelplanner_test_0585,585,Cincinnati,Minnesota,7,medium,8,13000,"{""cuisine"": [""Chinese"", ""Indian""], ""house rule"": null, ""room type"": null, ""transportation"": null}",cuisine,1,31693,167,"Could you please draft a week-long travel plan for a group of 8 people? Our trip will begin from Cincinnati heading towards Minnesota, and will span from March 5th to March 11th, 2022. We're planning to tour 3 cities within the state. Our journey budget is reevaluated and set at $13,000. Concerning cuisine preferences, we are interested in trying Indian and Chinese foods during our travel."
travelplanner_test_0587,587,Great Falls,Washington,7,medium,2,3500,"{""cuisine"": [""Italian"", ""Mexican""], ""house rule"": null, ""room type"": null, ""transportation"": null}",cuisine,2,37868,201,"Can you help me plan a 7-day trip from Great Falls to Washington for two people from March 13th to March 19th, 2022? We plan to visit 3 cities in Washington and have a budget of $3,500. During our trip, we would love to enjoy Mexican and Italian cuisine."
travelplanner_test_0592,592,Huntsville,Michigan,7,medium,2,5800,"{""cuisine"": null, ""house rule"": null, ""room type"": ""private room"", ""transportation"": null}",room type,2,38191,198,"I need assistance with a week-long travel itinerary for 2 individuals departing from Huntsville and traveling to Michigan. The trip should cover 3 different cities in Michigan and spans from March 4th to March 10th, 2022. Our budget is now set at $5,800. We'd prefer private rooms for accommodations."
travelplanner_test_0595,595,New Orleans,Massachusetts,7,medium,2,11600,"{""cuisine"": null, ""house rule"": ""pets"", ""room type"": null, ""transportation"": null}",house rule,4,41874,224,"Could you help create a 7-day travel plan for 2 individuals, starting from New Orleans to Massachusetts, planning to visit three cities between March 8th and March 14th, 2022? We have a budget of $11,600 for this trip, and we need our accommodations to be pet-friendly as we will be traveling with pets."
travelplanner_test_0597,597,Milwaukee,Georgia,7,medium,5,10200,"{""cuisine"": [""Chinese"", ""Mexican""], ""house rule"": null, ""room type"": null, ""transportation"": null}",cuisine,3,41324,224,"I would like you to plan a week-long journey for 5 people. This journey will begin in Milwaukee and will involve a trip to Georgia where we will explore 3 cities. The trip will occur from the 11th to the 17th of March, 2022. We have set our new budget to be $10,200. While we have no specific house rules or room type preferences, we would like to ensure that accommodations are situated near places offering Mexican and Chinese cuisine."
travelplanner_test_0599,599,St. Petersburg,Tennessee,7,medium,7,14700,"{""cuisine"": [""Chinese"", ""Italian""], ""house rule"": null, ""room type"": null, ""transportation"": null}",cuisine,2,38002,198,"Can you help design a week-long trip plan for a group of 7 starting from St. Petersburg and visiting 3 cities in Tennessee from March 10th to March 16th, 2022? We are passionate about Italian and Chinese cuisine and have set a budget of $14,700 for our journey."
travelplanner_test_0608,608,State College,Michigan,7,medium,8,11200,"{""cuisine"": [""Mediterranean"", ""French""], ""house rule"": null, ""room type"": null, ""transportation"": null}",cuisine,1,36118,186,"Could you assist in laying out a travel plan that covers a week from March 14th to March 20th, 2022 for a group of 8 departing from State College and exploring 3 cities in Michigan? The total budget for this trip is now set at $11,200. High on our priorities are accommodations that should provide access to both Mediterranean and French cuisines, which we look forward to enjoying during our journey."
travelplanner_test_0616,616,Cincinnati,South Carolina,7,medium,5,20100,"{""cuisine"": null, ""house rule"": ""children under 10"", ""room type"": null, ""transportation"": null}",house rule,4,43579,233,"Could you organize a week-long trip starting from Cincinnati to South Carolina, visiting 3 distinct cities, for a group of 5 individuals? Our journey is planned from March 25th to March 31st, 2022, and we have a budget of $20,100. Our accommodations need to be friendly to children under 10."
travelplanner_test_0629,629,San Jose,Washington,7,medium,3,15700,"{""cuisine"": null, ""house rule"": null, ""room type"": ""private room"", ""transportation"": null}",room type,3,40998,213,"Could you assist in creating a travel plan that begins in San Jose and ends in Washington across 7 days, from March 3 to March 9, 2022? This trip is for three people and we have a budget of $15,700. Our preference for accommodations is private rooms. We plan to visit 3 cities in Washington state."
travelplanner_test_0631,631,Roanoke,Pennsylvania,7,medium,2,5700,"{""cuisine"": null, ""house rule"": ""children under 10"", ""room type"": null, ""transportation"": null}",house rule,2,38581,204,"Could you help create a travel plan for two people departing from Roanoke and visiting three cities in Pennsylvania over seven days, from March 22nd to March 28th, 2022? We need to find accommodations that allow children under 10 as we will be traveling with our young ones. The maximum budget for this trip is $5,700."
travelplanner_test_0632,632,Spokane,Minnesota,7,medium,2,5800,"{""cuisine"": null, ""house rule"": ""parties"", ""room type"": null, ""transportation"": null}",house rule,3,40520,214,"We are planning a trip for 2 persons. Our journey will begin in Spokane, and we would like to explore 3 distinct cities in Minnesota over a week from March 13th to March 19th, 2022. We estimate our budget to be around $5,800. As for accommodations, it is crucial for us to find places that allow parties."
travelplanner_test_0634,634,Key West,Pennsylvania,7,medium,6,7300,"{""cuisine"": null, ""house rule"": ""visitors"", ""room type"": null, ""transportation"": null}",house rule,2,37860,202,"Could you plan out a week-long trip for a group of 6 members departing from Key West and visiting 3 cities in Pennsylvania from March 12th to March 18th, 2022? We have a total budget of $7,300 for the trip. It is vital for us that our accommodations should be open to visitors."
travelplanner_test_0635,635,Columbus,Georgia,7,medium,6,12200,"{""cuisine"": null, ""house rule"": ""pets"", ""room type"": null, ""transportation"": null}",house rule,4,43139,232,"Could you create a one-week travel itinerary for a group of 6 individuals? We will be departing from Columbus and wish to visit 3 different cities in Georgia from March 19th to March 25th, 2022. Our budget is set at $12,200 for this trip. Please ensure our accommodations are pet-friendly as we will be bringing our pets."
travelplanner_test_0636,636,Dallas,South Carolina,7,medium,2,7900,"{""cuisine"": [""Indian"", ""Mediterranean""], ""house rule"": null, ""room type"": null, ""transportation"": null}",cuisine,4,45039,238,"We need a travel itinerary for a 7-day trip for two people departing from Dallas and heading to South Carolina from March 18th to March 24th, 2022. We plan to visit 3 cities during our stay. Our budget for the trip is set at $7,900. We enjoy Mediterranean and Indian cuisines."
travelplanner_test_0639,639,Albuquerque,Arizona,7,medium,5,8600,"{""cuisine"": null, ""house rule"": ""pets"", ""room type"": null, ""transportation"": null}",house rule,3,39414,203,"I need help crafting a travel itinerary for a group of 5, departing from Albuquerque and planning to visit 3 unique cities in Arizona. The trip is scheduled to span 7 days, from March 19th to March 25th, 2022. Our budget is set at $8,600 for our journey. We will be bringing pets, so we require accommodations that are pet-friendly."
travelplanner_test_0643,643,Asheville,Illinois,7,medium,2,7400,"{""cuisine"": null, ""house rule"": null, ""room type"": ""entire room"", ""transportation"": null}",room type,1,36565,191,"Could you help craft a 7-day travel plan for two, originating in Asheville and exploring three different cities in Illinois from March 16th through March 22nd, 2022? We have a budget of $7,400 and we would like to book entire rooms for our accommodations."
travelplanner_test_0646,646,Savannah,Indiana,7,medium,6,15600,"{""cuisine"": null, ""house rule"": ""pets"", ""room type"": null, ""transportation"": null}",house rule,3,39524,207,"Could you please arrange a 7-day trip starting from Savannah to 3 cities in Indiana for a group of 6 people? The trip will be from March 25th to March 31st, 2022. Our budget has been updated to $15,600. We're bringing our pets, so our accommodations need to be pet-friendly."
travelplanner_test_0651,651,Charlotte,Kentucky,7,medium,7,17600,"{""cuisine"": null, ""house rule"": ""visitors"", ""room type"": null, ""transportation"": null}",house rule,1,36649,195,"Could you help arrange a 7-day trip itinerary for a group of 7 people starting from Charlotte and visiting 3 cities in Kentucky from March 13th to March 19th, 2022? We have a budget of $17,600 for this trip. Our accommodations must allow visitors as part of their house rules."
travelplanner_test_0657,657,Minneapolis,Idaho,7,medium,2,6100,"{""cuisine"": null, ""house rule"": ""children under 10"", ""room type"": null, ""transportation"": null}",house rule,4,43016,226,"Could you plan a 7-day travel itinerary from Minneapolis to 3 cities in Idaho for 2 people, occurring from March 1st to March 7th, 2022? Our budget is revised to $6,100. Our accommodations must be suitable for children under 10 years old."
travelplanner_test_0658,658,Charlotte,South Carolina,7,medium,2,9500,"{""cuisine"": [""Indian"", ""French""], ""house rule"": null, ""room type"": null, ""transportation"": null}",cuisine,4,46146,244,"Could you please create a 7-day travel plan for 2 people, starting from Charlotte and visiting 3 cities in South Carolina from March 5th to March 11th, 2022? Our budget is set at $9,500. We are keen on trying French and Indian cuisines during our trip."
travelplanner_test_0659,659,Tucson,Washington,7,medium,8,45600,"{""cuisine"": [""Chinese"", ""American""], ""house rule"": null, ""room type"": null, ""transportation"": null}",cuisine,3,39673,204,"Could you create a week-long travel itinerary for a group of 8 starting in Tucson and including visits to 3 different Washington cities between March 18th to March 24th, 2022? Our budget is $45,600. We would really enjoy accommodations that provide options to try out some Chinese and American cuisine during our trip."
travelplanner_test_0660,660,Rapid City,Minnesota,7,medium,7,17600,"{""cuisine"": null, ""house rule"": ""children under 10"", ""room type"": null, ""transportation"": null}",house rule,3,40320,213,"Could you help us organize a week-long trip for a group of 7 people, departing from Rapid City and heading to Minnesota, where we intend to visit 3 different cities from March 25th to March 31st, 2022? We have a budget of $17,600. When considering accommodations, please ensure they are suitable for children under 10."
travelplanner_test_0663,663,El Paso,Colorado,7,medium,7,25900,"{""cuisine"": null, ""house rule"": null, ""room type"": ""private room"", ""transportation"": null}",room type,1,34262,183,"Could you arrange a week-long travel plan for a group of 7, starting from El Paso and visiting 3 cities in Colorado from March 16th to March 22nd, 2022? We have a budget of $25,900. We would also prefer to have private rooms for our accommodations."
travelplanner_test_0667,667,San Francisco,Idaho,7,medium,8,28900,"{""cuisine"": [""American"", ""Italian""], ""house rule"": null, ""room type"": null, ""transportation"": null}",cuisine,4,44054,227,"Could you generate a 7-day travel itinerary for a group of 8, departing from San Francisco and exploring 3 cities in Idaho from March 3rd to March 9th, 2022? Our budget is now set at $28,900. For dining, we enjoy both American and Italian cuisines."
travelplanner_test_0671,671,Louisville,Colorado,7,medium,7,11600,"{""cuisine"": null, ""house rule"": null, ""room type"": ""entire room"", ""transportation"": null}",room type,1,37346,191,"Could you create a 7-day travel plan for a party of 7, departing from Louisville and planning to visit 3 cities in Colorado between March 6th and March 12th, 2022? For accommodations, we would like properties where we can access entire rooms. Our total budget for the trip is around $11,600."
travelplanner_test_0674,674,Sacramento,Oregon,7,medium,4,4500,"{""cuisine"": [""Italian"", ""Mexican""], ""house rule"": null, ""room type"": null, ""transportation"": null}",cuisine,3,40101,203,"I need assistance in creating a 7-day travel itinerary for a group of 4 people. The trip, which begins in Sacramento and encompasses 3 unique cities in Oregon, is scheduled between March 4th and March 10th, 2022. We have allocated a budget of $4,500 for this trip. We have a preference for Italian and Mexican cuisines during our stay."
travelplanner_test_0679,679,Belleville,Arizona,7,medium,2,8000,"{""cuisine"": null, ""house rule"": ""parties"", ""room type"": null, ""transportation"": null}",house rule,2,37845,197,"I need assistance in crafting a 7-day travel plan for 2 individuals, commencing in Belleville and journeying through 3 different cities in Arizona, from March 2nd to March 8th, 2022. Our budget for this expedition is $8,000. Additionally, we'd like to ensure our accommodations allow parties."
travelplanner_test_0680,680,Erie,Illinois,7,medium,2,8100,"{""cuisine"": null, ""house rule"": null, ""room type"": ""not shared room"", ""transportation"": null}",room type,1,36262,190,"I need a week-long travel plan for two starting from Erie and proceeding to three different cities in Illinois. The dates of the trip are from March 1st to March 7th, 2022. We're working with a budget of $8,100. For our accommodations, we would prefer rooms that are not shared."
travelplanner_test_0681,681,San Diego,Utah,7,medium,2,9300,"{""cuisine"": [""American"", ""Italian""], ""house rule"": null, ""room type"": null, ""transportation"": null}",cuisine,2,38149,199,"We require a one-week travel itinerary for 2 people from San Diego to explore 3 different cities in Utah. The travel dates are set from March 22nd to March 28th, 2022, and our budget is capped at $9,300. We would love to try out Italian and American cuisines during our trip."
travelplanner_test_0682,682,Seattle,San Francisco,3,hard,4,2900,"{""cuisine"": [""American"", ""Mexican"", ""Mediterranean"", ""French""], ""house rule"": ""pets"", ""room type"": null, ""transportation"": ""no flight""}",cuisine+house rule+transportation,4,20078,95,"Can you create a travel plan for a group of 4 departing from Seattle and heading to San Francisco for 3 days, from March 6th to March 8th, 2022? Our budget is $2,900. We are bringing pets, so accommodations need to be pet-friendly. We are interested in trying Mexican, French, American, and Mediterranean cuisines during our visit. We would also prefer to avoid flying for transportation."
travelplanner_test_0683,683,Milwaukee,Phoenix,3,hard,2,2800,"{""cuisine"": [""Chinese"", ""Mexican"", ""Mediterranean"", ""French""], ""house rule"": null, ""room type"": ""entire room"", ""transportation"": ""no self-driving""}",cuisine+room type+transportation,2,14624,74,"I need a travel plan for 2 individuals departing from Milwaukee to Phoenix with a budget of $2,800. The travel spans from March 9th to March 11th, 2022. We hope to enjoy a variety of cuisines during our stay: French, Mediterranean, Chinese, and Mexican. We're not planning on self-driving, and we prefer accommodations where we have entire rooms."
travelplanner_test_0685,685,Boston,Washington,3,hard,2,900,"{""cuisine"": null, ""house rule"": ""pets"", ""room type"": ""not shared room"", ""transportation"": ""no flight""}",house rule+room type+transportation,4,25724,117,"Can you help me plan a 3-day trip from Boston to Washington for two people from March 19th to March 21st, 2022 on a budget of $900? We require accommodations where pets are allowed, and we prefer not shared rooms. We also request no flights for transportation."
travelplanner_test_0686,686,Fort Smith,Dallas,3,hard,4,3200,"{""cuisine"": null, ""house rule"": ""pets"", ""room type"": ""entire room"", ""transportation"": ""no flight""}",house rule+room type+transportation,4,21390,118,"Could you formulate a 3-day trip for a group of 4 from Fort Smith to Dallas which spans March 6th to March 8th, 2022? We have a budget of $3,200 for the trip. Regarding accommodations, entire rooms are preferable, and places that allow pets are essential as we intend to bring our pets along. Importantly, we would prefer that our travel method exclude taking a flight."
travelplanner_test_0688,688,St. Petersburg,Cincinnati,3,hard,2,1800,"{""cuisine"": null, ""house rule"": ""parties"", ""room type"": ""not shared room"", ""transportation"": ""no self-driving""}",house rule+room type+transportation,1,13362,70,"Can you create a 3-day travel itinerary for two people departing from St. Petersburg and visiting Cincinnati from March 13th to March 15th, 2022? Our total budget is $1,800. We're interested in accommodations that allow parties and offer non-shared rooms. Also, we do not prefer to drive ourselves."
travelplanner_test_0689,689,El Paso,Los Angeles,3,hard,2,1400,"{""cuisine"": [""Italian"", ""Indian"", ""Mediterranean"", ""French""], ""house rule"": ""children under 10"", ""room type"": null, ""transportation"": ""no flight""}",cuisine+house rule+transportation,1,14129,71,"Could you assist in planning a 3-day trip for two, departing from El Paso to Los Angeles from March 6th to March 8th, 2022? Our budget is now $1,400. We need accommodations that permit children under 10. We're eager to experience local French, Italian, Indian, and Mediterranean cuisines. Our preferred method of transportation is anything but flights."
travelplanner_test_0690,690,Wichita,Dallas,3,hard,2,1400,"{""cuisine"": [""American"", ""Italian"", ""Mexican"", ""Mediterranean""], ""house rule"": ""parties"", ""room type"": ""entire room"", ""transportation"": null}",cuisine+house rule+room type,4,22029,121,"Can you assist in creating a 3-day travel plan for 2 individuals departing from Wichita and heading to Dallas from March 11th to March 13th, 2022? Our budget is $1,400. We require accommodations that allow parties and provide entire rooms. As for cuisine, we'd like to sample Mediterranean, Italian, American, and Mexican dishes during our trip."
travelplanner_test_0691,691,Burbank,Salt Lake City,3,hard,2,1900,"{""cuisine"": null, ""house rule"": ""children under 10"", ""room type"": ""private room"", ""transportation"": ""no flight""}",house rule+room type+transportation,1,13497,66,"Could you create a 3-day travel plan for 2 people departing from Burbank and arriving in Salt Lake City, spanning from March 22nd to March 24th, 2022 under a budget of $1,900? Our accommodations need to be private rooms and should allow children under 10 since we have young children. We'd also prefer not to take a flight for transportation."
travelplanner_test_0692,692,Santa Ana,Houston,3,hard,2,2900,"{""cuisine"": [""American"", ""Italian"", ""Mexican"", ""Mediterranean""], ""house rule"": ""visitors"", ""room type"": null, ""transportation"": ""no self-driving""}",cuisine+house rule+transportation,1,14014,73,"I need help in creating a travel plan for two people departing from Santa Ana and traveling to Houston for 3 days, from March 21st to March 23rd, 2022, with a maximum budget of $2,900. The accommodations should ideally allow visitors. For dining, we prefer Mediterranean, American, Italian, and Mexican cuisines. As for transportation, we prefer not to self-drive during this trip."
travelplanner_test_0693,693,Sioux Falls,Minneapolis,3,hard,2,1100,"{""cuisine"": null, ""house rule"": ""pets"", ""room type"": ""private room"", ""transportation"": ""no self-driving""}",house rule+room type+transportation,3,17685,88,"Could you assist in creating a 3-day travel itinerary for two people, starting in Sioux Falls and heading to Minneapolis, from March 14th to March 16th, 2022? We want pet-friendly accommodations with private rooms and prefer not to do any self-driving. Our budget is set at $1,100."
travelplanner_test_0694,694,Detroit,Norfolk,3,hard,3,2800,"{""cuisine"": null, ""house rule"": ""smoking"", ""room type"": ""entire room"", ""transportation"": ""no flight""}",house rule+room type+transportation,2,14585,75,"Could you devise a 3-day travel itinerary for a group of 3, departing from Detroit and heading to Norfolk from March 5th to March 7th, 2022? Our budget is set at $2,800. We require accommodations that allow smoking and should ideally be entire rooms. We would prefer to avoid any flights for our transportation."
travelplanner_test_0695,695,Panama City,Atlanta,3,hard,4,3300,"{""cuisine"": [""American"", ""Indian"", ""Mediterranean"", ""French""], ""house rule"": ""pets"", ""room type"": null, ""transportation"": ""no flight""}",cuisine+house rule+transportation,3,16927,89,"Can you help me arrange a 3-day trip for four people departing from Panama City to Atlanta from March 10th to 12th, 2022? Our budget is now $3,300. We intend to stick to ground transportation for the journey, avoiding flights. We'll be bringing our pets along, so pet-friendly accommodations are crucial. We enjoy Mediterranean, French, American, and Indian cuisines, so we'd like to find restaurants offering these options."
travelplanner_test_0696,696,Bakersfield,Dallas,3,hard,3,3700,"{""cuisine"": [""Chinese"", ""American"", ""Italian"", ""Mediterranean""], ""house rule"": ""pets"", ""room type"": null, ""transportation"": ""no self-driving""}",cuisine+house rule+transportation,4,20268,113,"Could you assist with crafting a 3-day travel agenda for a group of 3, departing from Bakersfield and heading to Dallas from March 5th to 7th, 2022? We have set aside a budget of $3,700 for the trip. We're pet owners, so it's important for us to find pet-friendly accommodations. We prefer to use public transport or hire transportation, rather than driving ourselves. As for dining, we are interested in sampling Mediterranean, Italian, American, and Chinese cuisines."
travelplanner_test_0697,697,Milwaukee,Newark,3,hard,6,2700,"{""cuisine"": null, ""house rule"": ""children under 10"", ""room type"": ""entire room"", ""transportation"": ""no flight""}",house rule+room type+transportation,2,14938,77,"Could you help create a travel itinerary for a group of 6, departing from Milwaukee and headed to Newark? We plan to be there for 3 days from March 9th to March 11th, 2022. We have a budget of $2,700 earmarked for this trip. Importantly, our accommodations must be child-friendly, accepting children under 10 years, and we'd prefer entire rooms to ourselves. We do not wish to take any flights for transportation."
travelplanner_test_0698,698,Rochester,Charlotte,3,hard,2,800,"{""cuisine"": null, ""house rule"": ""visitors"", ""room type"": ""not shared room"", ""transportation"": ""no flight""}",house rule+room type+transportation,2,14399,74,"Could you assist me in organizing a travel plan for two people, starting from Rochester, heading towards Charlotte for a three-day trip from March 19th to March 21st, 2022? Our budget is now $800. We require accommodations where rooms are not shared and where we can expect to have visitors. Please also note that we prefer not to be traveling by flight."
travelplanner_test_0699,699,Chicago,Cincinnati,3,hard,2,2100,"{""cuisine"": null, ""house rule"": ""visitors"", ""room type"": ""private room"", ""transportation"": ""no self-driving""}",house rule+room type+transportation,3,16842,84,"Could you create a travel itinerary for a trip from Chicago to Cincinnati, which will be for 3 days, from March 16th to March 18th, 2022? The plan is for 2 persons and our budget is $2,100. We prefer to stay in private rooms that allow visitors. We don't plan on self-driving for this trip."
travelplanner_test_0700,700,Roswell,Phoenix,3,hard,2,2500,"{""cuisine"": [""Italian"", ""Mexican"", ""Indian"", ""French""], ""house rule"": ""visitors"", ""room type"": ""entire room"", ""transportation"": null}",cuisine+house rule+room type,1,13005,66,"Could you make a 3-day travel plan for two people, starting from Roswell and going to Phoenix, spanning from March 3rd to March 5th, 2022? Our budget is set at $2,500 and we require accommodations where visitors are allowed and that provide us with entire rooms. In addition, we would love to experience Mexican, Italian, Indian, and French cuisines."
travelplanner_test_0701,701,New York,Wilmington,3,hard,2,1900,"{""cuisine"": [""American"", ""Italian"", ""Indian"", ""Mediterranean""], ""house rule"": null, ""room type"": ""not shared room"", ""transportation"": ""no flight""}",cuisine+room type+transportation,3,15152,73,"Can you help me put together a 3-day travel itinerary for two people leaving New York for Wilmington from March 24th to March 26th, 2022? We've allocated $1,900 for this trip. Our dining preferences include Indian, Italian, Mediterranean, and American cuisines. We require accommodations that do not include shared rooms. Additionally, we would prefer to avoid flying as our mode of transportation."
travelplanner_test_0702,702,Spokane,Oakland,3,hard,2,1400,"{""cuisine"": null, ""house rule"": ""pets"", ""room type"": ""entire room"", ""transportation"": ""no self-driving""}",house rule+room type+transportation,1,12334,66,"Could you create a travel itinerary for 2 people, starting in Spokane and ending in Oakland over a span of 3 days, from March 4th to March 6th, 2022? Our budget is limited to $1,400. We require accommodations that allow pets and should ideally be entire rooms. Please make sure that we do not have to drive ourselves during our stay."
travelplanner_test_0703,703,Denver,Kansas City,3,hard,3,2300,"{""cuisine"": null, ""house rule"": ""parties"", ""room type"": ""entire room"", ""transportation"": ""no self-driving""}",house rule+room type+transportation,4,18813,96,"Could you help plan a 3-day trip for 3 people leaving from Denver and heading to Kansas City? We need to travel from March 16th to March 18th, 2022. Our budget is set at $2,300. We require accommodations where parties are permitted, and we'd like to book entire rooms. We prefer to use public or hired transport and not self-driving."
travelplanner_test_0704,704,Des Moines,Charlotte,3,hard,5,7000,"{""cuisine"": null, ""house rule"": ""parties"", ""room type"": ""entire room"", ""transportation"": ""no self-driving""}",house rule+room type+transportation,2,14417,74,"Could you help me develop a 3-day trip plan for a group of 5, taking off from Des Moines and heading to Charlotte, from March 26th to March 28th, 2022? We're allocating $7,000 for this journey. We require accommodations where parties are allowed and that offer entire rooms. Do note, we're not looking for self-driving options during our stay."
travelplanner_test_0705,705,Minneapolis,La Crosse,3,hard,6,4400,"{""cuisine"": [""Chinese"", ""Italian"", ""Mexican"", ""French""], ""house rule"": ""children under 10"", ""room type"": null, ""transportation"": ""no self-driving""}",cuisine+house rule+transportation,2,14601,74,"Can you generate a 3-day travel itinerary from March 2nd to March 4th, 2022, for a party of 6, traveling from Minneapolis to La Crosse? The accommodations need to be suitable for children under 10. Our food preferences include Chinese, Mexican, Italian, and French cuisines. We'd prefer not to drive ourselves, and our budget for the trip is $4,400."
travelplanner_test_0706,706,Kansas City,Charleston,3,hard,2,1000,"{""cuisine"": [""Chinese"", ""Italian"", ""Mexican"", ""French""], ""house rule"": ""parties"", ""room type"": ""not shared room"", ""transportation"": null}",cuisine+house rule+room type,4,19311,108,"Could you arrange a 3-day trip for 2 people from Kansas City to Charleston scheduled from March 11th to March 13th, 2022? Our budget is set at $1,000. We require accommodations such as non-shared rooms for our stay. Additionally, we're interested in trying Mexican, Chinese, French, and Italian cuisines. Please note that the accommodations must allow parties."
travelplanner_test_0707,707,St. Louis,Baltimore,3,hard,2,1200,"{""cuisine"": [""American"", ""Mexican"", ""Indian"", ""Mediterranean""], ""house rule"": null, ""room type"": ""not shared room"", ""transportation"": ""no flight""}",cuisine+room type+transportation,3,16530,88,"Can you help plan a 3-day trip for two people from St. Louis to Baltimore on March 20th to 22nd, 2022, with a $1,200 budget? We are hoping to enjoy Mediterranean, Indian, Mexican, and American cuisines during our stay. We need non-shared rooms for accommodations and would prefer to avoid flying for the transportation."
travelplanner_test_0708,708,Jacksonville,Boston,3,hard,3,1700,"{""cuisine"": [""Chinese"", ""Mexican"", ""Indian"", ""Mediterranean""], ""house rule"": ""children under 10"", ""room type"": ""entire room"", ""transportation"": null}",cuisine+house rule+room type,3,15538,81,"Could you help me plan a 3-day trip for a group of 3, starting in Jacksonville and heading to Boston, from March 29th to March 31st, 2022? Our budget is $1,700. We require accommodations that allow children under 10, as we're taking our kids along. We would prefer entire rooms at our disposal. As for the food, we enjoy a variety of cuisines, including Mexican, Indian, Chinese, and Mediterranean."
travelplanner_test_0709,709,Wilmington,Philadelphia,3,hard,3,2600,"{""cuisine"": null, ""house rule"": ""children under 10"", ""room type"": ""entire room"", ""transportation"": ""no self-driving""}",house rule+room type+transportation,1,13442,67,"Can you formulate a travel plan for a group of 3 people? We are starting from Wilmington and our destination is Philadelphia. The trip is for three days, spanning from March 1st to March 3rd, 2022. We have a budget of $2,600. Please note, our accommodations need to allow children under the age of 10 and we would like to book entire rooms. Additionally, we prefer not to self-drive."
travelplanner_test_0710,710,San Diego,Austin,3,hard,2,2700,"{""cuisine"": [""American"", ""Italian"", ""Mexican"", ""Mediterranean""], ""house rule"": ""smoking"", ""room type"": null, ""transportation"": ""no self-driving""}",cuisine+house rule+transportation,2,14468,76,"Please create a travel plan for 2 people starting in San Diego and heading to Austin for 3 days from March 12th to March 14th, 2022. Our budget is $2,700. For our accommodations, we require a smoking-allowed place, and we are open about the types of rooms. We will not be self-driving, so kindly arrange for the necessary transportation. Regarding meals, we're interested in Italian, Mediterranean, American, and Mexican cuisines."
travelplanner_test_0711,711,Houston,Tucson,3,hard,2,3300,"{""cuisine"": null, ""house rule"": ""children under 10"", ""room type"": ""entire room"", ""transportation"": ""no self-driving""}",house rule+room type+transportation,1,13215,69,"Could you arrange a 3-day trip for 2 people, starting from Houston and heading to Tucson from March 28th to March 30th, 2022? Our budget for this trip is $3,300. For accommodations, we are seeking entire rooms. It's important that the places accommodate children under 10 as we will be traveling with a child. Also, we won't be self-driving, so we will need local transportation arrangements."
travelplanner_test_0712,712,Philadelphia,Knoxville,3,hard,2,1000,"{""cuisine"": null, ""house rule"": ""parties"", ""room type"": ""private room"", ""transportation"": ""no flight""}",house rule+room type+transportation,1,13809,68,"Please arrange a 3-day travel plan for a party of 2, starting in Philadelphia and visiting Knoxville, from March 9th to March 11th, 2022. Our budget is set at $1,000. We require accommodations with private rooms, and they need to have a policy allowing parties. Breakfast would be appreciated, and we would prefer no flights during our travel."
travelplanner_test_0714,714,Chicago,Norfolk,3,hard,2,2300,"{""cuisine"": null, ""house rule"": ""children under 10"", ""room type"": ""entire room"", ""transportation"": ""no self-driving""}",house rule+room type+transportation,2,14814,76,"Can you formulate a 3-day trip for 2 people from Chicago to Norfolk, taking place from March 10th to March 12th, 2022? Our budget is set at $2,300. We require accommodations with a house rule that allows children under 10 as well as entire rooms for our stay. Please note that we are not interested in self-driving during our trip."
travelplanner_test_0715,715,Los Angeles,Eugene,3,hard,2,1200,"{""cuisine"": [""Chinese"", ""American"", ""Mexican"", ""Indian""], ""house rule"": null, ""room type"": ""not shared room"", ""transportation"": ""no flight""}",cuisine+room type+transportation,1,13899,70,"Could you assist in developing a 3-day travel itinerary for 2 people departing from Los Angeles to Eugene, taking place from March 24th to March 26th, 2022? We've allotted a budget of $1,200. For accommodations, we'd like rooms that aren't shared. As for travel, we prefer not to fly. Regarding food, we're open to a variety of cuisines, including Chinese, Mexican, American, and Indian."
travelplanner_test_0716,716,Des Moines,Detroit,3,hard,2,1100,"{""cuisine"": null, ""house rule"": ""children under 10"", ""room type"": ""not shared room"", ""transportation"": ""no self-driving""}",house rule+room type+transportation,1,13421,68,"Please prepare a 3-day travel plan for 2 individuals departing Des Moines and heading to Detroit, covering the dates of March 23rd to March 25th, 2022. Our budget is set at $1,100. Our accommodations must be suitable for children under 10, and we prefer rooms that are not shared. Please note that we will not be self-driving on this trip."
travelplanner_test_0717,717,Boston,New Orleans,3,hard,2,2300,"{""cuisine"": null, ""house rule"": ""parties"", ""room type"": ""private room"", ""transportation"": ""no self-driving""}",house rule+room type+transportation,3,15380,78,"Could you please create a 3-day travel plan for 2 people beginning in Boston and traveling to New Orleans from March 6th to March 8th, 2022? We are budgeting $2,300 for this trip. We'd like to stay in accommodations that allow parties and require private rooms. Additionally, we won't be self-driving during our trip."
travelplanner_test_0718,718,Wilmington,Newark,3,hard,2,1500,"{""cuisine"": null, ""house rule"": ""children under 10"", ""room type"": ""not shared room"", ""transportation"": ""no flight""}",house rule+room type+transportation,2,14709,76,"Please create a 3-day travel plan for 2 people starting in Wilmington and ending in Newark, spanning March 20th to March 22nd, 2022. We'd like to keep the budget at $1,500. As we have children under 10 with us, we need accommodations abiding by suitable house rules. We require accommodations that are not shared rooms. Additionally, we are opting for ground transportation and will not be taking any flights."
travelplanner_test_0719,719,Everett,Boise,3,hard,2,700,"{""cuisine"": null, ""house rule"": ""visitors"", ""room type"": ""entire room"", ""transportation"": ""no flight""}",house rule+room type+transportation,3,17163,90,"Could you arrange a 3-day trip itinerary for two, from Everett to Boise, between March 4th and March 6th, 2022? We have a budget of $700. We would like to stay in entire rooms where visitors are allowed. Also, we would prefer not to take any flights during our journey."
travelplanner_test_0720,720,New Orleans,Charlotte,3,hard,2,1300,"{""cuisine"": null, ""house rule"": ""parties"", ""room type"": ""entire room"", ""transportation"": ""no self-driving""}",house rule+room type+transportation,3,15618,79,"Can you create a 3-day travel itinerary for 2 people, starting in New Orleans and going to Charlotte from March 10th to March 12th, 2022? Our budget is set at $1,300. We require accommodations that allow parties and we need entire rooms. Please note, we do not intend to self-drive during the trip."
travelplanner_test_0721,721,Salt Lake City,Bozeman,3,hard,2,1600,"{""cuisine"": null, ""house rule"": ""parties"", ""room type"": ""private room"", ""transportation"": ""no self-driving""}",house rule+room type+transportation,1,14216,71,"Could you provide a 3-day travel itinerary for 2 people departing from Salt Lake City heading to Bozeman from March 3rd to March 5th, 2022? Our budget is set at $1,600. We are looking for accommodations that allow parties and offer private rooms. We would prefer to not self-drive during this trip."
travelplanner_test_0722,722,Omaha,Dallas,3,hard,2,1500,"{""cuisine"": null, ""house rule"": ""smoking"", ""room type"": ""not shared room"", ""transportation"": ""no flight""}",house rule+room type+transportation,4,21545,119,"Could you devise a 3-day travel plan starting in Omaha and ending in Dallas for 2 people from March 2nd to March 4th, 2022? Please ensure that our accommodations permit smoking and are not shared rooms. We won't require any flights. The budget for this journey is set at $1,500."
travelplanner_test_0723,723,Philadelphia,Charlotte,3,hard,2,1800,"{""cuisine"": [""Chinese"", ""American"", ""Mexican"", ""French""], ""house rule"": ""parties"", ""room type"": null, ""transportation"": ""no self-driving""}",cuisine+house rule+transportation,3,17290,86,"Could you prepare a 3-day travel itinerary for a party of 2, departing from Philadelphia and heading for Charlotte from March 7th to March 9th, 2022? Our budget is $1,800 for the trip. We require accommodations that allow parties, and we are interested in tasting Chinese, French, American, and Mexican cuisines. We prefer not to self-drive during the trip."
travelplanner_test_0724,724,Boston,Newark,3,hard,2,1700,"{""cuisine"": [""Chinese"", ""Italian"", ""Indian"", ""Mediterranean""], ""house rule"": ""visitors"", ""room type"": null, ""transportation"": ""no self-driving""}",cuisine+house rule+transportation,3,17833,90,"Could you help create a travel plan for two people from Boston to Newark for 3 days, from March 5th to March 7th, 2022, with a budget of $1,700? Our accommodations must allow visitors. We will not be self-driving. For food, we prefer Indian, Mediterranean, Chinese, and Italian cuisines."
travelplanner_test_0727,727,Houston,Atlanta,3,hard,2,2400,"{""cuisine"": null, ""house rule"": ""children under 10"", ""room type"": ""entire room"", ""transportation"": ""no self-driving""}",house rule+room type+transportation,4,21008,107,"Could you assist me in designing a 3-day travel plan for 2 people departing from Houston and heading to Atlanta from March 5th to March 7th, 2022? We are planning on a budget of $2,400. Our accommodations must be child-friendly as we will have children under 10 with us, and we require entire rooms. We won't be driving ourselves, so transportation will need to be arranged."
travelplanner_test_0728,728,Nashville,Boston,3,hard,2,3300,"{""cuisine"": null, ""house rule"": ""smoking"", ""room type"": ""private room"", ""transportation"": ""no self-driving""}",house rule+room type+transportation,3,15953,83,"Could you help me in formulating a 3-day travel plan for two people, originating from Nashville and culminating in Boston from March 12th through 14th, 2022? We've assembled a budget of $3,300 for this trip. We require accommodations that allow smoking and would ideally offer private rooms. As for transportation, we prefer no self-driving options."
travelplanner_test_0729,729,Indianapolis,Huntsville,3,hard,2,1000,"{""cuisine"": [""Chinese"", ""American"", ""Indian"", ""Mediterranean""], ""house rule"": ""visitors"", ""room type"": ""not shared room"", ""transportation"": null}",cuisine+house rule+room type,1,12263,61,"Can you help formulate a 3-day travel plan for 2 people, originating from Indianapolis and directed towards Huntsville, scheduled from March 21st to March 23rd, 2022? Our budget is set at $1,000. We require accommodations where the rooms are not shared and we can have visitors. Our culinary interests are diverse, and we'd love to experience local Indian, Chinese, Mediterranean, and American cuisines on our trip."
travelplanner_test_0730,730,Gainesville,Charlotte,3,hard,4,4100,"{""cuisine"": null, ""house rule"": ""children under 10"", ""room type"": ""entire room"", ""transportation"": ""no self-driving""}",house rule+room type+transportation,2,14419,74,"Could you create a travel plan for 4 people, leaving from Gainesville and going to Charlotte? The trip duration is 3 days, from March 24th to March 26th, 2022. The budget is $4,100. Our accommodations should be entire rooms, and it's important to have house rules that accept children under 10. We will not be self-driving."
travelplanner_test_0731,731,Fayetteville,Chicago,3,hard,3,2400,"{""cuisine"": null, ""house rule"": ""pets"", ""room type"": ""entire room"", ""transportation"": ""no flight""}",house rule+room type+transportation,1,13862,69,"Could you curate a 3-day travel plan for a group of 3 from Fayetteville to Chicago starting from March 1st through March 3rd, 2022? We require accommodations that are pet-friendly and we prefer entire rooms. We plan to travel without taking any flights. Our total budget for the trip is $2,400."
travelplanner_test_0732,732,Miami,Atlanta,3,hard,3,2100,"{""cuisine"": null, ""house rule"": ""smoking"", ""room type"": ""entire room"", ""transportation"": ""no flight""}",house rule+room type+transportation,4,21839,111,"Please sketch a 3-day travel plan for a group of 3, beginning in Miami and culminating in Atlanta from March 5th to March 7th, 2022. We have designated a budget of $2,100 for the trip. We require entire rooms in accommodations that allow smoking. Note that we plan to avoid flights as a mode of transportation for this journey."
travelplanner_test_0733,733,Minneapolis,St. Louis,3,hard,2,1000,"{""cuisine"": [""Chinese"", ""Italian"", ""Mexican"", ""Mediterranean""], ""house rule"": null, ""room type"": ""entire room"", ""transportation"": ""no flight""}",cuisine+room type+transportation,2,14480,73,"Can you help me plan a 3-day trip for two people from Minneapolis to St. Louis, taking place from March 26th through March 28th, 2022? We have a budget of $1,000. We're interested in trying Italian, Mexican, Chinese, and Mediterranean cuisines. We would like entire rooms for our accommodations and we do not want to travel by flight."
travelplanner_test_0735,735,Charlotte,Charlottesville,3,hard,2,600,"{""cuisine"": null, ""house rule"": ""pets"", ""room type"": ""private room"", ""transportation"": ""no flight""}",house rule+room type+transportation,4,18185,90,"Please prepare a travel itinerary from Charlotte to Charlottesville for 2 people, spanning 3 days from March 20th to March 22nd, 2022, within a budget of $600. Our preferred accommodations are private rooms, and we will be bringing our pets along, so pet-friendly lodgings are a must. Please note that no flights are required for this journey."
travelplanner_test_0737,737,Minneapolis,St. Louis,3,hard,2,1200,"{""cuisine"": null, ""house rule"": ""smoking"", ""room type"": ""private room"", ""transportation"": ""no self-driving""}",house rule+room type+transportation,2,14480,73,"Could you create a 3-day travel plan for 2 people, departing from Minneapolis and going to St. Louis, from March 2nd to March 4th, 2022? We'll need private rooms that permit smoking, and we won't be self-driving. Our budget for this trip is $1,200."
travelplanner_test_0738,738,Knoxville,Atlanta,3,hard,2,1700,"{""cuisine"": [""Chinese"", ""Italian"", ""Mexican"", ""Mediterranean""], ""house rule"": ""pets"", ""room type"": null, ""transportation"": ""no flight""}",cuisine+house rule+transportation,3,16413,87,"Please create a travel plan for two people from Knoxville to Atlanta, taking place over 3 days from March 6th to March 8th, 2022. The budget is set at $1,700. We will not be taking any flights for our journey. For our accommodations, they must be pet-friendly as we will be bringing our pets. We prefer Mediterranean, Italian, Chinese, and Mexican cuisines at our destination."
travelplanner_test_0739,739,Minneapolis,St. Louis,3,hard,2,1400,"{""cuisine"": null, ""house rule"": ""children under 10"", ""room type"": ""not shared room"", ""transportation"": ""no self-driving""}",house rule+room type+transportation,2,14717,74,"Can you create a travel plan for two people departing Minneapolis and heading to St. Louis for 3 days, from March 14th to March 16th, 2022? Our budget is set at $1,400. As we're traveling with children under 10, please ensure that the accommodations are suitable for them. Moreover, we require non-shared rooms, and would prefer not to drive ourselves during the trip."
travelplanner_test_0740,740,San Francisco,Dallas,3,hard,2,2200,"{""cuisine"": null, ""house rule"": ""smoking"", ""room type"": ""entire room"", ""transportation"": ""no self-driving""}",house rule+room type+transportation,4,23074,126,"Could you generate a 3-day travel plan for 2 people, traveling from San Francisco to Dallas between March 15th and March 17th, 2022? Our budget is set at $2,200. We require accommodations that allow smoking and we would prefer entire rooms. We will not be self-driving during our stay."
travelplanner_test_0742,742,Boston,Jacksonville,3,hard,2,1900,"{""cuisine"": [""Chinese"", ""Italian"", ""Mexican"", ""French""], ""house rule"": ""visitors"", ""room type"": null, ""transportation"": ""no self-driving""}",cuisine+house rule+transportation,4,23092,120,"Can you assist in creating a 3-day travel plan starting in Boston and heading to Jacksonville for two people, happening from March 7th to March 9th, 2022? The provided budget for this trip is $1,900. For the accommodations, we need places that allow visitors. We're not planning on driving ourselves during the trip. Regarding dining preferences, we would enjoy trying Chinese, Mexican, French, and Italian cuisines during our stay."
travelplanner_test_0743,743,Elmira,Detroit,3,hard,4,3800,"{""cuisine"": [""Chinese"", ""American"", ""Italian"", ""Mediterranean""], ""house rule"": null, ""room type"": ""entire room"", ""transportation"": ""no self-driving""}",cuisine+room type+transportation,1,13126,67,"Could you design a 3-day travel itinerary for a party of 4, leaving Elmira and heading to Detroit, starting from March 24th to March 26th, 2022? Our budget is set at $3,800 for the trip. We require accommodations that are entire rooms and we'd like to avoid self-driving during our travel. For our meals, we favor Italian, American, Chinese, and Mediterranean cuisines."
travelplanner_test_0747,747,Santa Barbara,Phoenix,3,hard,2,2500,"{""cuisine"": [""Chinese"", ""American"", ""Italian"", ""Mexican""], ""house rule"": ""pets"", ""room type"": null, ""transportation"": ""no self-driving""}",cuisine+house rule+transportation,1,13786,69,"Could you help construct a 3-day travel plan for 2 individuals, departing from Santa Barbara and visiting Phoenix from March 8th to March 10th, 2022? We have a budget of $2,500, and it's vital that our lodgings allow pets. As for meals, we'd love to try out a variety of cuisines, including Chinese, Italian, American, and Mexican. Please note that we prefer not to self-drive during our trip."
travelplanner_test_0748,748,Washington,Cincinnati,3,hard,2,1300,"{""cuisine"": null, ""house rule"": ""smoking"", ""room type"": ""not shared room"", ""transportation"": ""no self-driving""}",house rule+room type+transportation,3,16696,83,"Can you help create a 3-day trip from Washington to Cincinnati, for two people from March 1st to March 3rd, 2022? The budget is limited to $1,300. In respect to accommodations, we prefer spaces that permit smoking and guarantee privacy (not shared rooms). As for transportation, it's necessary to note that we do not intend to self-drive."
travelplanner_test_0749,749,Memphis,Houston,3,hard,2,1600,"{""cuisine"": [""American"", ""Italian"", ""Indian"", ""French""], ""house rule"": ""parties"", ""room type"": null, ""transportation"": ""no flight""}",cuisine+house rule+transportation,1,13725,72,"Could you assist with planning a 3-day trip for 2 people from Memphis to Houston, taking place from March 4th to March 6th, 2022? Our total budget is now $1,600. We're seeking party-friendly accommodations and would like the option to explore various Indian, French, Italian, and American cuisines in Houston. Additionally, we prefer not to include flights in our travel plan."
travelplanner_test_0750,750,Atlanta,Montgomery,3,hard,4,2700,"{""cuisine"": [""Chinese"", ""Italian"", ""Indian"", ""Mediterranean""], ""house rule"": ""visitors"", ""room type"": null, ""transportation"": ""no flight""}",cuisine+house rule+transportation,3,15590,81,"Could you create a travel plan for a group of 4 departing from Atlanta to Montgomery for 3 days, spanning from March 7th to March 9th, 2022? Our budget is $2,700 and we require houses that allow visitors. For food, we would like to enjoy Italian, Mediterranean, Chinese, and Indian cuisines. We would prefer not to take any flights for our transportation."
travelplanner_test_0751,751,Baton Rouge,Houston,3,hard,2,1900,"{""cuisine"": [""American"", ""Mexican"", ""Mediterranean"", ""French""], ""house rule"": ""smoking"", ""room type"": ""entire room"", ""transportation"": null}",cuisine+house rule+room type,2,14488,75,"Could you devise a 3-day travel plan for two people, starting from Baton Rouge and heading to Houston from March 16th to March 18th, 2022? Our budget is roughly $1,900. We require accommodations that allow smoking and should ideally be entire rooms. In terms of meals, we enjoy French, Mediterranean, Mexican, and American cuisines."
travelplanner_test_0752,752,Seattle,Ketchikan,3,hard,2,2200,"{""cuisine"": null, ""house rule"": ""visitors"", ""room type"": ""entire room"", ""transportation"": ""no self-driving""}",house rule+room type+transportation,2,14262,76,"Can you assist in creating a 3-day travel plan for 2 people departing from Seattle and heading towards Ketchikan, between March 7th and March 9th, 2022? Our budget is $2,200, and we require accommodations that allow visitors and provide us with entire rooms. Please note that we will not be driving ourselves during this trip."
travelplanner_test_0753,753,Phoenix,New Orleans,3,hard,2,2000,"{""cuisine"": null, ""house rule"": ""children under 10"", ""room type"": ""not shared room"", ""transportation"": ""no self-driving""}",house rule+room type+transportation,2,14924,76,"Can you assist in creating a travel plan starting in Phoenix and heading to New Orleans? The trip duration will be 3 days, from March 1st to March 3rd, 2022. The trip is meant for 2 people and our budget is $2,000. We require accommodations that are not shared rooms and should be suitable for children under 10. Additionally, we will not be self-driving during this journey."
travelplanner_test_0754,754,Sacramento,Denver,3,hard,2,2100,"{""cuisine"": [""Chinese"", ""American"", ""Italian"", ""Indian""], ""house rule"": ""pets"", ""room type"": ""entire room"", ""transportation"": null}",cuisine+house rule+room type,2,14590,72,"Could you help design a 3-day trip for two from Sacramento to Denver? We will be traveling from March 11th to 13th, 2022 with a budget of $2,100. We require accommodations that allow pets and should ideally be entire rooms. Also, for our meals, we would like to explore Italian, Chinese, Indian, and American cuisines."
travelplanner_test_0755,755,Phoenix,Los Angeles,3,hard,2,1600,"{""cuisine"": null, ""house rule"": ""smoking"", ""room type"": ""private room"", ""transportation"": ""no flight""}",house rule+room type+transportation,4,22097,105,"Could you design a 3-day travel plan for two people, departing from Phoenix and going to Los Angeles from March 18th to March 20th, 2022? We have a budget of $1,600. We prefer private rooms for our stay and we'd like places where smoking is allowed. We also wish to avoid any flights during our journey."
travelplanner_test_0757,757,Honolulu,Los Angeles,3,hard,4,6200,"{""cuisine"": null, ""house rule"": ""children under 10"", ""room type"": ""entire room"", ""transportation"": ""no self-driving""}",house rule+room type+transportation,4,20025,97,"Could you create a travel itinerary for a group of 4 departing from Honolulu to Los Angeles for 3 days, from March 26th to March 28th, 2022? We are on a new budget of $6,200. Keep in mind that our accommodations must allow children under 10 and we need entire rooms to accommodate all of us. Please note that we won't be self-driving for transportation."
travelplanner_test_0758,758,Denver,Great Falls,3,hard,2,1800,"{""cuisine"": [""Mexican"", ""Indian"", ""Mediterranean"", ""French""], ""house rule"": ""visitors"", ""room type"": null, ""transportation"": ""no self-driving""}",cuisine+house rule+transportation,3,16000,85,"Could you create a travel itinerary for 2 people, departing from Denver to Great Falls, with a visit to 1 city, covering the dates from March 26th to March 28th, 2022? We have a budget of $1,800. We'll not be self-driving, so alternative transportation needs to be arranged. When it comes to dining, we would like to seek out Indian, Mexican, French, and Mediterranean cuisines. We require accommodations that allow visitors."
travelplanner_test_0759,759,Albany,Newark,3,hard,2,700,"{""cuisine"": [""Italian"", ""Mexican"", ""Indian"", ""French""], ""house rule"": null, ""room type"": ""entire room"", ""transportation"": ""no self-driving""}",cuisine+room type+transportation,2,14614,77,"Could you help develop a 3-day travel plan for two people, departing from Albany and set for Newark from March 29th to March 31st, 2022? Our budget is set at $700 for our journey. Please note that we'd require entire rooms for our accommodations. Also, we'd prefer to avoid self-driving. For our meal preferences, we are hoping to try out a variety of cuisines, including Indian, French, Mexican, and Italian."
travelplanner_test_0760,760,Newark,Charleston,3,hard,4,3300,"{""cuisine"": null, ""house rule"": ""visitors"", ""room type"": ""entire room"", ""transportation"": ""no flight""}",house rule+room type+transportation,4,21689,117,"Could you create a travel itinerary for a group of 4 departing from Newark and visiting Charleston for 3 days, from March 29th to March 31st, 2022? Our budget is now set at $3,300. We're hoping to find accommodations that allow visitors and have entire rooms available for us. Additionally, we'd prefer our itinerary to not include any flight plans."
travelplanner_test_0761,761,Atlanta,Rochester,3,hard,4,4500,"{""cuisine"": [""American"", ""Indian"", ""Mediterranean"", ""French""], ""house rule"": ""parties"", ""room type"": null, ""transportation"": ""no self-driving""}",cuisine+house rule+transportation,1,13781,73,"Could you construct a 3-day travel itinerary for a group of 4, starting in Atlanta and taking us to Rochester between March 14th and March 16th, 2022? Our budget is set at $4,500. We're excited about trying American, Mediterranean, French, and Indian cuisines. We do not plan to self-drive, and we would like to stay in accommodations where parties are allowed."
travelplanner_test_0762,762,Chicago,Fayetteville,3,hard,3,2700,"{""cuisine"": [""American"", ""Indian"", ""Mediterranean"", ""French""], ""house rule"": ""pets"", ""room type"": null, ""transportation"": ""no self-driving""}",cuisine+house rule+transportation,3,15981,81,"Can you help me design a 3-day travel itinerary for a group of 3, leaving from Chicago and heading to Fayetteville from March 13th to March 15th, 2022? Our budget is set at $2,700 for this trip. We have pets with us, so we require accommodations that are pet-friendly. For our meals, we'd like to have a mix of Indian, Mediterranean, American, and French cuisines. We prefer not to self-drive during our trip."
travelplanner_test_0763,763,Dallas,Santa Ana,3,hard,2,1400,"{""cuisine"": [""American"", ""Italian"", ""Mexican"", ""Indian""], ""house rule"": ""visitors"", ""room type"": null, ""transportation"": ""no self-driving""}",cuisine+house rule+transportation,4,18787,94,"Could you help me create a 3-day travel plan for two people, beginning in Dallas and heading to Santa Ana from March 29th to March 31st, 2022? We have a budget of $1,400. In terms of accommodations, we'd like places that allow visitors. We're not planning on self-driving during our travel, and for our meals, we're interested in American, Indian, Italian, and Mexican cuisines."
travelplanner_test_0764,764,Raleigh,Texas,5,hard,2,4500,"{""cuisine"": [""Chinese"", ""Italian"", ""Mexican"", ""French""], ""house rule"": ""smoking"", ""room type"": null, ""transportation"": ""no self-driving""}",cuisine+house rule+transportation,3,27827,146,"Would you be able to put together a 5-day travel itinerary for two people, kicking off from Raleigh traveling to Texas? Our desired travel dates are from March 9th to March 13th, 2022, and we're interested in visiting two cities within Texas. Regarding dining, we're eager to explore venues offering Italian, French, Mexican, and Chinese cuisines. For accommodations, we require places that permit smoking, and it's important for us to note that we would rather not self-drive during our trip. Our expenditure cap is set at $4,500 for the duration of this trip."
travelplanner_test_0765,765,St. Louis,Texas,5,hard,7,13300,"{""cuisine"": [""Mexican"", ""Indian"", ""Mediterranean"", ""French""], ""house rule"": ""children under 10"", ""room type"": null, ""transportation"": ""no self-driving""}",cuisine+house rule+transportation,4,41004,215,"Could you propose a 5-day travel itinerary for a group of 7, commencing from St. Louis and intending to explore two cities in Texas from March 3rd to March 7th, 2022? Our budget is now set at $13,300. It is essential that our accommodations are suitable for children under 10. We are especially fond of Mediterranean, Indian, Mexican, and French cuisines, and we would prefer not to self-drive during our trip."
travelplanner_test_0766,766,Cleveland,Florida,5,hard,2,4500,"{""cuisine"": null, ""house rule"": ""smoking"", ""room type"": ""entire room"", ""transportation"": ""no self-driving""}",house rule+room type+transportation,3,27791,142,"Could you construct a 5-day itinerary for a pair of travelers departing from Cleveland and visiting 2 cities in Florida, taking place from March 22nd through March 26th, 2022? We've allocated a budget of $4,500. We require accommodations that allow smoking and provide entire rooms. We'd prefer not to drive ourselves during this trip. Please disregard any meal recommendations."
travelplanner_test_0767,767,Las Vegas,Oregon,5,hard,2,3300,"{""cuisine"": [""Chinese"", ""Italian"", ""Mediterranean"", ""French""], ""house rule"": ""visitors"", ""room type"": ""not shared room"", ""transportation"": null}",cuisine+house rule+room type,3,29479,146,"Could you devise a 5-day travel plan for 2 people, starting in Las Vegas and visiting 2 unique cities in Oregon from March 17th to March 21st, 2022? Our budget is set at $3,300. We require accommodations where visitors are allowed and the rooms are not shared. We'd love to try a variety of cuisines including Italian, Chinese, Mediterranean, and French during our trip."
travelplanner_test_0768,768,Binghamton,Michigan,5,hard,2,2900,"{""cuisine"": [""Chinese"", ""Italian"", ""Mexican"", ""Indian""], ""house rule"": ""parties"", ""room type"": ""entire room"", ""transportation"": null}",cuisine+house rule+room type,2,25936,133,"Could you help create a 5-day traveling itinerary for 2 people? We're starting from Binghamton and plan to visit 2 cities in Michigan from March 18th until March 22nd, 2022. Our budget is set at $2,900. We require entire rooms for our accommodations, and it's crucial that the places allow parties. For dining, we'd love to experience a variety of cuisines including Mexican, Indian, Chinese, and Italian."
travelplanner_test_0769,769,Boston,Michigan,5,hard,2,1900,"{""cuisine"": null, ""house rule"": ""children under 10"", ""room type"": ""private room"", ""transportation"": ""no flight""}",house rule+room type+transportation,1,21559,114,"Could you put together a 5-day travel plan for two, originating from Boston and covering 2 cities in Michigan from March 9th to March 13th, 2022? Our budget is set at $1,900. Our preference is to stay in private rooms and we will be traveling with children under 10 years old, so the accommodations need to be child-friendly. We'd like to avoid flights for transportation."
travelplanner_test_0771,771,Newark,Kentucky,5,hard,2,3200,"{""cuisine"": null, ""house rule"": ""pets"", ""room type"": ""entire room"", ""transportation"": ""no flight""}",house rule+room type+transportation,1,23476,127,"Can you please help plan a trip for 2 people from Newark to explore 2 cities in Kentucky over 5 days, from March 10th to March 14th, 2022? We have a budget of $3,200. We will be bringing our pets, so we need pet-friendly accommodations. We'd prefer to have entire rooms to ourselves. We do not want to take any flights during our trip."
travelplanner_test_0773,773,Harrisburg,North Carolina,5,hard,2,3800,"{""cuisine"": [""Chinese"", ""American"", ""Italian"", ""Mediterranean""], ""house rule"": ""children under 10"", ""room type"": ""private room"", ""transportation"": null}",cuisine+house rule+room type,3,28485,147,"Can you construct a 5-day travel plan for two people, beginning in Harrisburg and visiting 2 cities in North Carolina from March 13th to March 17th, 2022? We have a budget of $3,800. Our preferences for accommodations are private rooms where children under 10 are permitted. As for food, we enjoy Chinese, Mediterranean, Italian, and American cuisines."
travelplanner_test_0775,775,Marquette,Michigan,5,hard,2,2700,"{""cuisine"": [""Chinese"", ""American"", ""Indian"", ""French""], ""house rule"": ""smoking"", ""room type"": ""entire room"", ""transportation"": null}",cuisine+house rule+room type,3,27127,140,"Can you generate a travel itinerary for 2 people, taking them on a 5-day visit starting from Marquette to explore 2 cities in Michigan from March 3rd to March 7th, 2022? We have a budget of $2,700. We'd like accommodations where smoking is allowed and prefer to have entire rooms. For food, we enjoy Chinese, French, Indian, and American cuisines."
travelplanner_test_0776,776,Redding,California,5,hard,2,3300,"{""cuisine"": [""American"", ""Mexican"", ""Indian"", ""French""], ""house rule"": ""visitors"", ""room type"": null, ""transportation"": ""no flight""}",cuisine+house rule+transportation,1,23535,127,"Could you please assist in creating a 5-day travel plan for two people, starting our journey in Redding and visiting two additional cities in California? We plan to embark on this journey between March 24th and March 28th, 2022. Our new budget is around $3,300. We require accommodations that allow visitors, and we enjoy a multitude of cuisines, including Indian, French, Mexican, and American. Instead of flying, we prefer alternative modes of transportation. Can you help organize this trip with these details in mind?"
travelplanner_test_0777,777,Kahului,California,5,hard,7,21000,"{""cuisine"": null, ""house rule"": ""pets"", ""room type"": ""entire room"", ""transportation"": ""no self-driving""}",house rule+room type+transportation,2,26604,134,"Could you please create a 5-day travel itinerary for a group of 7, where we will be departing from Kahului and plan to visit 2 cities in California from March 9th to March 13th, 2022? Our budget is set at $21,000. We require accommodations that allow pets and would prefer to have entire rooms to ourselves. We'd also appreciate if the transportation did not involve self-driving."
travelplanner_test_0778,778,Washington,Michigan,5,hard,2,4600,"{""cuisine"": null, ""house rule"": ""visitors"", ""room type"": ""not shared room"", ""transportation"": ""no self-driving""}",house rule+room type+transportation,2,25010,129,"Could you suggest a 5-day travel plan for two people departing from Washington and visiting 2 cities in Michigan from March 11th to March 15th, 2022? We have a budget of $4,600. Accommodations should be non-shared rooms, and it is important that they allow visitors. As for transportation, we prefer options that do not require self-driving."
travelplanner_test_0780,780,Norfolk,Illinois,5,hard,2,2900,"{""cuisine"": null, ""house rule"": ""children under 10"", ""room type"": ""entire room"", ""transportation"": ""no flight""}",house rule+room type+transportation,2,25027,129,"Could you kindly assemble a 5-day travel plan for two people that commences in Norfolk and journeys through 2 cities in Illinois? Our travels are scheduled from March 16th to March 20th, 2022. We have earmarked $2,900 for this trip. We emphasize that our accommodations must accommodate children under 10 as we'll be traveling with our young ones. Ideally, they should be entire rooms. Also, we prefer to travel without taking any flights."
travelplanner_test_0781,781,Fort Lauderdale,New York,5,hard,2,4000,"{""cuisine"": null, ""house rule"": ""pets"", ""room type"": ""private room"", ""transportation"": ""no self-driving""}",house rule+room type+transportation,4,30216,149,"Could you please craft a 5-day travel itinerary for two people, taking off from Fort Lauderdale and stopping by two cities in New York from March 8th to March 12th, 2022? Our budget is set at $4,000. We require accommodations that are pet-friendly and should ideally be private rooms. Also, note we won't be opting for self-driving as a mode of transportation."
travelplanner_test_0782,782,Peoria,North Carolina,5,hard,8,9300,"{""cuisine"": [""Chinese"", ""Italian"", ""Indian"", ""Mediterranean""], ""house rule"": ""children under 10"", ""room type"": ""entire room"", ""transportation"": null}",cuisine+house rule+room type,3,27688,140,"Can you provide a 5-day travel plan for a group of 8, starting from Peoria and visiting 2 cities in North Carolina between March 12th and March 16th, 2022? We have a budget of $9,300. We prefer accommodations that accommodate children under 10 and provide entire rooms. We are food enthusiasts and would love to sample Italian, Mediterranean, Chinese, and Indian cuisines."
travelplanner_test_0785,785,Denver,California,5,hard,5,9400,"{""cuisine"": [""American"", ""Italian"", ""Indian"", ""Mediterranean""], ""house rule"": null, ""room type"": ""entire room"", ""transportation"": ""no self-driving""}",cuisine+room type+transportation,4,31579,154,"Could you arrange a 5-day travel itinerary for a party of 5? We'll be departing from Denver to visit 2 cities in California between March 17th and March 21st, 2022. Our budget is set at $9,400. Regarding our accommodations, we would like to have entire rooms. We'd prefer not to self-drive during our trip. And for dining, we would love to try a variety of cuisines, including Italian, Mediterranean, American, and Indian."
travelplanner_test_0788,788,Seattle,California,5,hard,5,10100,"{""cuisine"": null, ""house rule"": ""pets"", ""room type"": ""entire room"", ""transportation"": ""no self-driving""}",house rule+room type+transportation,4,31573,154,"Could you help design a 5-day travel itinerary for a party of 5, leaving from Seattle to see 2 cities in California from March 25th to March 29th, 2022? Our budget is set at $10,100, and we require accommodations that are pet-friendly and should ideally be entire rooms. Additionally, we do not intend to drive ourselves, preferring other forms of transportation throughout this journey."
travelplanner_test_0790,790,Charlotte,California,5,hard,5,17300,"{""cuisine"": [""American"", ""Italian"", ""Indian"", ""Mediterranean""], ""house rule"": ""children under 10"", ""room type"": ""entire room"", ""transportation"": null}",cuisine+house rule+room type,2,26451,133,"Can you put together a 5-day travel plan for a group of 5? We will be leaving Charlotte to visit 2 cities in California from March 21st to 25th, 2022. Our budget stands at $17,300. The accommodations have to be entire rooms and they should be friendly for children under 10. We enjoy a variety of cuisines including American, Mediterranean, Indian, and Italian."
travelplanner_test_0791,791,Baltimore,Indiana,5,hard,2,3500,"{""cuisine"": [""Chinese"", ""Mexican"", ""Indian"", ""French""], ""house rule"": ""smoking"", ""room type"": ""not shared room"", ""transportation"": null}",cuisine+house rule+room type,2,25060,132,"Could you please provide a travel plan for two people? We will be setting off from Baltimore and intend to visit two different cities in Indiana. Our journey spans from March 9th to March 13th, 2022, which is a total of 5 days. Our budget is now $3,500. In terms of accommodations, please ensure that we will have non-shared rooms. For the cuisine, we would like options to enjoy Mexican, French, Chinese, and Indian foods. A crucial house rule for our accommodations is that they allow smoking."
travelplanner_test_0793,793,Sioux Falls,Texas,5,hard,5,6700,"{""cuisine"": [""Chinese"", ""Mexican"", ""Indian"", ""French""], ""house rule"": ""parties"", ""room type"": ""entire room"", ""transportation"": null}",cuisine+house rule+room type,1,23452,123,"Could you help make a 5-day travel plan for a group of 5, which starts from Sioux Falls and includes visiting 2 cities in Texas from March 19th to March 23rd, 2022? Our accommodations must allow parties and provide entire rooms. We're looking forward to savoring Mexican, Chinese, French, and Indian cuisines. The budget for this trip is $6,700."
travelplanner_test_0794,794,Ontario,California,5,hard,8,13000,"{""cuisine"": null, ""house rule"": ""children under 10"", ""room type"": ""entire room"", ""transportation"": ""no self-driving""}",house rule+room type+transportation,2,25540,132,"Could you help me construct a 5-day trip itinerary for a group of 8 people starting in Ontario that includes visiting 2 cities in California from March 10th to March 14th, 2022? We have a budget of $13,000. For our accommodations, we require entire rooms and it's important that they allow children under 10 as we will have young kids with us. We prefer transportation options that do not involve self-driving."
travelplanner_test_0797,797,Pittsburgh,Michigan,5,hard,2,1500,"{""cuisine"": [""American"", ""Italian"", ""Indian"", ""Mediterranean""], ""house rule"": ""children under 10"", ""room type"": ""private room"", ""transportation"": null}",cuisine+house rule+room type,1,24453,126,"Could you help devise a 5-day travel plan for 2 people, starting in Pittsburgh and visiting 2 cities in Michigan from March 3rd to March 7th, 2022? Our budget is $1,500. We require accommodations that allow children under 10 and private rooms. In terms of cuisine, we want to try American, Italian, Indian, and Mediterranean food."
travelplanner_test_0799,799,Greensboro,New York,5,hard,7,6600,"{""cuisine"": [""Chinese"", ""American"", ""Italian"", ""French""], ""house rule"": null, ""room type"": ""entire room"", ""transportation"": ""no flight""}",cuisine+room type+transportation,2,25153,130,"Could you help in crafting a 5-day travel itinerary for a group of 7, originating from Greensboro and covering 2 cities in New York from March 5th to March 9th, 2022? We have allocated a budget of $6,600. We'd love to try French, American, Italian, and Chinese cuisines during our trip. Also, we would prefer to have entire rooms for our accommodations, and we do not require flight transportation."
travelplanner_test_0803,803,Richmond,Florida,5,hard,7,11100,"{""cuisine"": [""Chinese"", ""American"", ""Italian"", ""Mexican""], ""house rule"": null, ""room type"": ""entire room"", ""transportation"": ""no flight""}",cuisine+room type+transportation,4,34740,183,"Could you draft a 5-day travel itinerary for a group of 7 people, starting from Richmond and planning to visit 2 cities in Florida from March 7th to March 11th, 2022? Our budget is set at $11,100. Concerning accommodations, we prefer to rent entire rooms. We will be traveling without flights. For dining, we would love to try a variety of cuisines including American, Chinese, Mexican, and Italian."
travelplanner_test_0804,804,St. Petersburg,Ohio,5,hard,2,3300,"{""cuisine"": [""Chinese"", ""Italian"", ""Indian"", ""Mediterranean""], ""house rule"": ""children under 10"", ""room type"": ""private room"", ""transportation"": null}",cuisine+house rule+room type,1,23801,126,"I need help creating a travel itinerary for a 5-day trip. We are a party of 2 and we will be departing from St. Petersburg to visit 2 cities in Ohio, from March 3rd to March 7th, 2022. We have reset our budget to $3,300 for this trip. Regarding accommodations, we require private rooms in establishments that are friendly towards children under 10. When it comes to food, we are looking to experience a variety of cuisines such as Mediterranean, Indian, Chinese, and Italian."
travelplanner_test_0807,807,Albuquerque,Texas,5,hard,7,13500,"{""cuisine"": null, ""house rule"": ""children under 10"", ""room type"": ""entire room"", ""transportation"": ""no self-driving""}",house rule+room type+transportation,4,42654,222,"Could you help develop a travel itinerary for a group of 7? We're setting off from Albuquerque and plan to visit 2 cities in Texas over the course of 5 days, from March 16th through March 20th, 2022. The budget for our trip has been set at $13,500. In terms of accommodations, we would prefer entire rooms and the rooms should be kid-friendly as we have children under 10. Additionally, we prefer not to self-drive during our trip."
travelplanner_test_0808,808,Syracuse,Pennsylvania,5,hard,2,2900,"{""cuisine"": null, ""house rule"": ""pets"", ""room type"": ""private room"", ""transportation"": ""no flight""}",house rule+room type+transportation,1,24564,130,"Could you create a 5-day travel itinerary for 2 people starting in Syracuse and visiting 2 cities in Pennsylvania from March 1st to March 5th, 2022? We prefer private rooms as our accommodations and we will be bringing our pets along, so it is vital that our stays are pet-friendly, and we'd prefer not to travel by flight. Our budget is set at $2,900."
travelplanner_test_0809,809,Denver,New York,5,hard,2,5200,"{""cuisine"": [""Chinese"", ""Mexican"", ""Mediterranean"", ""French""], ""house rule"": ""smoking"", ""room type"": null, ""transportation"": ""no self-driving""}",cuisine+house rule+transportation,4,30810,158,"Could you draw up a 5-day travel plan for 2 people departing from Denver and intending to explore 2 cities in New York, taking place between March 6th and March 10th, 2022? Our budget is set at $5,200 for this trip. We require accommodations that permit smoking. We're keen on trying diverse cuisines on our trip, notably Mediterranean, French, Chinese, and Mexican food. We'd prefer not to drive ourselves during the trip."
travelplanner_test_0810,810,Seattle,Utah,5,hard,2,4900,"{""cuisine"": null, ""house rule"": ""pets"", ""room type"": ""entire room"", ""transportation"": ""no flight""}",house rule+room type+transportation,3,27611,141,"Could you help create a 5-day trip plan for two people, starting from Seattle and heading to two different cities in Utah from March 22nd to March 26th, 2022? We have allocated a budget of $4,900 for the trip. Our accommodations should be pet-friendly with entire rooms as we will be bringing our pets along. In addition, we would prefer not to use flights as our means of transportation."
travelplanner_test_0811,811,Denver,Montana,5,hard,2,2500,"{""cuisine"": null, ""house rule"": ""pets"", ""room type"": ""private room"", ""transportation"": ""no flight""}",house rule+room type+transportation,3,28500,152,"Can you help devise a 5-day travel plan for 2 people, departing Denver and visiting 2 cities in Montana, between March 27th and March 31st, 2022? Our budget is set at $2,500. We're bringing our pets so it's essential that the accommodations are pet-friendly and offer private rooms. Also, we'd prefer not to fly for any part of the travel."
travelplanner_test_0812,812,Wilmington,Pennsylvania,5,hard,2,2600,"{""cuisine"": [""American"", ""Italian"", ""Mediterranean"", ""French""], ""house rule"": ""children under 10"", ""room type"": ""entire room"", ""transportation"": null}",cuisine+house rule+room type,1,23524,125,"Could you kindly produce a 5-day travel plan for 2 individuals? We wish to depart from Wilmington and explore 2 unique cities in Pennsylvania from March 23rd to March 27th, 2022. Our travel budget is now set at $2,600. We require accommodations that welcome children under 10, as we'll be traveling with our kids, and these should ideally be entire rooms. When it comes to cuisine, we appreciate a variety of meals including Mediterranean, American, French, and Italian."
travelplanner_test_0813,813,Chicago,North Carolina,5,hard,3,5500,"{""cuisine"": [""Chinese"", ""American"", ""Mexican"", ""Indian""], ""house rule"": ""pets"", ""room type"": ""entire room"", ""transportation"": null}",cuisine+house rule+room type,4,31425,159,"Could you create a 5-day travel plan for a group of 3 people starting from Chicago to visit 2 cities in North Carolina from March 14th to March 18th, 2022? We have a budget of $5,500. We'll be bringing our pets, so we need pet-friendly accommodations. We prefer to stay in entire rooms. As for our food preferences, we enjoy Indian, American, Chinese, and Mexican cuisines."
travelplanner_test_0817,817,Minneapolis,Tennessee,5,hard,2,2300,"{""cuisine"": [""Italian"", ""Mexican"", ""Indian"", ""Mediterranean""], ""house rule"": ""children under 10"", ""room type"": null, ""transportation"": ""no flight""}",cuisine+house rule+transportation,2,24686,123,"Could you help create a travel plan for 2 people starting from Minneapolis and covering 2 cities in Tennessee over 5 days, from March 1st to March 5th, 2022? Our budget is $2,300 and we require accommodations that are open to children under 10. We prefer not to travel by flight. For our meals, we enjoy a variety of cuisines including Indian, Mexican, Italian, and Mediterranean."
travelplanner_test_0818,818,New York,Georgia,5,hard,5,7900,"{""cuisine"": null, ""house rule"": ""pets"", ""room type"": ""entire room"", ""transportation"": ""no self-driving""}",house rule+room type+transportation,4,35601,178,"Could you assist in crafting a 5-day travel plan for a group of 5 individuals? We're beginning our journey in New York and aiming to visit 2 cities in Georgia from March 3rd to March 7th, 2022. With a budget of $7,900, we need to ensure our accommodations are pet-friendly and provide entire rooms. For this trip, we will not be self-driving."
travelplanner_test_0821,821,Milwaukee,New York,5,hard,7,6400,"{""cuisine"": [""Chinese"", ""American"", ""Mexican"", ""Mediterranean""], ""house rule"": ""children under 10"", ""room type"": ""entire room"", ""transportation"": null}",cuisine+house rule+room type,2,25010,131,"Could you provide a 5-day travel itinerary for a party of 7, departing from Milwaukee and visiting 2 cities in New York from March 8th to March 12th, 2022? We have set a budget of $6,400 for this trip. We require entire rooms for our accommodations, and it's crucial that children under 10 are allowed as we are traveling with them. When it comes to gastronomic preferences, we enjoy Mediterranean, Mexican, Chinese, and American cuisines."
travelplanner_test_0822,822,Norfolk,Pennsylvania,5,hard,2,1300,"{""cuisine"": [""Italian"", ""Mexican"", ""Indian"", ""Mediterranean""], ""house rule"": ""visitors"", ""room type"": null, ""transportation"": ""no flight""}",cuisine+house rule+transportation,1,23486,125,"Could you design a 5-day travel itinerary for two people, departing from Norfolk and visiting two cities in Pennsylvania from March 24th to 28th, 2022? We have a budget of $1,300. Our accommodations must allow visitors. We'd love to try local Indian, Mexican, Italian, and Mediterranean cuisines during our trip. Please note that we would prefer not to take any flights."
travelplanner_test_0823,823,Islip,Florida,5,hard,2,4900,"{""cuisine"": [""American"", ""Italian"", ""Mexican"", ""French""], ""house rule"": ""pets"", ""room type"": null, ""transportation"": ""no self-driving""}",cuisine+house rule+transportation,2,26480,135,"Could you help design a 5-day travel plan for two people, starting from Islip and visiting 2 cities in Florida from March 10th to March 14th, 2022? We have a budget of $4,900. We'll be bringing our pets, so we need pet-friendly accommodations. In terms of meals, we're interested in trying French, Mexican, American, and Italian cuisines. However, we prefer not to self-drive during our trip."
travelplanner_test_0824,824,Chattanooga,Texas,5,hard,2,2200,"{""cuisine"": [""Chinese"", ""Italian"", ""Mexican"", ""Indian""], ""house rule"": ""smoking"", ""room type"": ""not shared room"", ""transportation"": null}",cuisine+house rule+room type,1,24052,129,"Can you fashion a 5-day travel itinerary for 2 people starting out in Chattanooga and visiting 2 cities in Texas from March 3rd to March 7th, 2022? Our budget is set at $2,200. For lodgings, we require non-shared rooms and the premises must be smoking-friendly. Our cuisine preferences include Indian, Mexican, Chinese, and Italian. We have not yet defined our chosen mode of transportation."
travelplanner_test_0829,829,White Plains,Illinois,5,hard,2,3800,"{""cuisine"": null, ""house rule"": ""children under 10"", ""room type"": ""private room"", ""transportation"": ""no flight""}",house rule+room type+transportation,3,26795,140,"Could you help create a 5-day travel plan for 2 people, starting in White Plains and covering 2 cities in Illinois from March 13th to March 17th, 2022? Our accommodations must be able to accommodate children under the age of 10 and need to be private rooms. We prefer not to travel by flight and have reset our budget at $3,800."
travelplanner_test_0832,832,Key West,North Carolina,5,hard,4,8300,"{""cuisine"": [""American"", ""Italian"", ""Indian"", ""Mediterranean""], ""house rule"": ""pets"", ""room type"": ""entire room"", ""transportation"": null}",cuisine+house rule+room type,3,26703,135,"Could you help design a 5-day travel plan for 4 people? We are planning to leave from Key West and visit 2 cities in North Carolina between March 1st and March 5th, 2022. A budget for the trip has been set at $8,300. We require entire rooms for accommodations and will be bringing our pets. We're particularly fond of Italian, Indian, Mediterranean, and American cuisines, so we would love to integrate those into our trip as well."
travelplanner_test_0835,835,Rochester,Minnesota,5,hard,2,3900,"{""cuisine"": null, ""house rule"": ""parties"", ""room type"": ""entire room"", ""transportation"": ""no flight""}",house rule+room type+transportation,3,29383,153,"Could you help craft a 5-day travel plan for 2 persons? The trip should start in Rochester and should cover 2 cities in Minnesota from March 11th to March 15th, 2022. We have a budget of $3,900 for the trip. For the sake of transportation, we would prefer no flights during the entire journey. We require accommodations that allow parties and provide entire rooms for our stay."
travelplanner_test_0837,837,Shreveport,Texas,5,hard,8,12900,"{""cuisine"": null, ""house rule"": ""pets"", ""room type"": ""entire room"", ""transportation"": ""no flight""}",house rule+room type+transportation,1,24026,129,"Could you organize a 5-day travel plan starting on March 16th and ending on March 20th, 2022, for a group of 8 people? We will be departing from Shreveport and we want to visit 2 cities in Texas. Our budget is set at $12,900. It's vital that the accommodations we stay at allow pets as we'll be bringing ours along. We prefer to stay in entire rooms and we will not be flying for our journey."
travelplanner_test_0840,840,Cedar Rapids,Illinois,5,hard,2,3000,"{""cuisine"": [""Chinese"", ""Indian"", ""Mediterranean"", ""French""], ""house rule"": null, ""room type"": ""private room"", ""transportation"": ""no flight""}",cuisine+room type+transportation,2,24936,134,"Can you help create a travel plan for a trip that spans 5 days? The trip starts from Cedar Rapids and covers 2 cities in Illinois from March 23rd to March 27th, 2022. The trip is for 2 people and the budget set aside for this trip is $3,000. We prefer private rooms for accommodation. We also appreciate a variety of cuisines - Mediterranean, French, Indian, and Chinese. Also, please make sure the plan doesn't involve any flights."
travelplanner_test_0841,841,Minneapolis,Wisconsin,5,hard,2,3900,"{""cuisine"": [""Chinese"", ""Mexican"", ""Indian"", ""French""], ""house rule"": ""pets"", ""room type"": null, ""transportation"": ""no self-driving""}",cuisine+house rule+transportation,1,23372,123,"Can you assist in designing a 5-day travel itinerary for two people, starting in Minneapolis and visiting two cities in Wisconsin from March 16th to March 20th, 2022? We have a budget of $3,900, prefer pet-friendly accommodations, and would love to try French, Chinese, Mexican, and Indian cuisines during our trip. Also, it's important to note that we do not plan to self-drive."
travelplanner_test_0845,845,Knoxville,Pennsylvania,5,hard,2,2800,"{""cuisine"": [""Chinese"", ""Mexican"", ""Indian"", ""Mediterranean""], ""house rule"": ""parties"", ""room type"": null, ""transportation"": ""no flight""}",cuisine+house rule+transportation,1,23506,125,"Can you design a 5-day travel plan for 2 people, departing from Knoxville and visiting 2 cities in Pennsylvania from March 13th to March 17th, 2022? We have a budget of $2,800. We intend on not taking any flights for our journey. Our preferences for cuisine include Indian, Mediterranean, Chinese, and Mexican dishes. We would also like accommodations where parties are allowed."
travelplanner_test_0846,846,Bemidji,Minnesota,5,hard,5,8300,"{""cuisine"": [""Chinese"", ""American"", ""Mexican"", ""French""], ""house rule"": ""smoking"", ""room type"": ""entire room"", ""transportation"": null}",cuisine+house rule+room type,3,28597,151,"Could you arrange a 5-day travel itinerary originating from Bemidji and exploring 2 cities in Minnesota for a group of 5 people? The travel dates are from March 6th to March 10th, 2022, and our budget is set at $8,300. We would like to stay in places that allow smoking and prefer entire rooms for our accommodations. Our food preferences include Chinese, American, French, and Mexican cuisines."
travelplanner_test_0847,847,El Paso,Colorado,5,hard,2,3300,"{""cuisine"": null, ""house rule"": ""smoking"", ""room type"": ""private room"", ""transportation"": ""no flight""}",house rule+room type+transportation,1,22945,121,"Could you create a 5-day travel itinerary for 2 people starting from El Paso and covering 2 cities in Colorado from March 16th to March 20th, 2022? Our budget is $3,300. We require accommodations that allow smoking and should ideally provide private rooms. We will be traveling there without taking any flights."
travelplanner_test_0850,850,Atlanta,South Carolina,5,hard,2,3100,"{""cuisine"": [""Chinese"", ""Mexican"", ""Indian"", ""French""], ""house rule"": ""children under 10"", ""room type"": ""not shared room"", ""transportation"": null}",cuisine+house rule+room type,4,35297,185,"Can you assist with creating a 5-day travel itinerary for two people, departing from Atlanta and including visits to two cities in South Carolina from March 22nd to March 26th, 2022? Our budget is set at $3,100. We require accommodations that allow children under the age of 10, and we'd prefer non-shared rooms. Regarding cuisine, we are interested in Indian, Mexican, French, and Chinese food."
travelplanner_test_0853,853,Phoenix,Missouri,5,hard,2,5400,"{""cuisine"": null, ""house rule"": ""children under 10"", ""room type"": ""private room"", ""transportation"": ""no self-driving""}",house rule+room type+transportation,4,30621,157,"Can you assist in drawing up a 5-day travel itinerary for 2 persons? We plan to commence from Phoenix and visit 2 designated cities in Missouri from March 14th to March 18th, 2022. Our budget is approximately $5,400. For lodging, we'd prefer private rooms and our travel accommodations must be suitable for children under 10 since we'll be traveling with younger kids. We are opting for transportation other than self-driving."
travelplanner_test_0854,854,Charlotte,Florida,5,hard,5,9100,"{""cuisine"": [""Chinese"", ""American"", ""Mediterranean"", ""French""], ""house rule"": null, ""room type"": ""entire room"", ""transportation"": ""no self-driving""}",cuisine+room type+transportation,4,29925,155,"Could you help put together a 5-day travel plan involving 2 cities within Florida for a group of 5 people? We're starting from Charlotte and the travel dates are from March 13th to March 17th, 2022. Our budget is now $9,100, and we'd like accommodations where we can have entire rooms to ourselves. We're also food lovers who are excited to experience Mediterranean, Chinese, French, and American cuisines during our trip. For transportation, we prefer not to self-drive."
travelplanner_test_0855,855,Louisville,New York,5,hard,7,7300,"{""cuisine"": null, ""house rule"": ""parties"", ""room type"": ""entire room"", ""transportation"": ""no flight""}",house rule+room type+transportation,1,24547,128,"Could you propose a 5-day travel itinerary from March 13th to March 17th, 2022, for a group of 7 people departing from Louisville and visiting 2 cities in New York? Our budget is set at $7,300. For accommodations, we prefer entire rooms and they should allow parties. Also, we don't intend to use flights as a mode of transportation during our trip."
travelplanner_test_0856,856,Latrobe,Florida,5,hard,3,5100,"{""cuisine"": [""Chinese"", ""Italian"", ""Mediterranean"", ""French""], ""house rule"": ""children under 10"", ""room type"": ""entire room"", ""transportation"": null}",cuisine+house rule+room type,2,26158,141,"Could you kindly devise a 5-day travel plan for a group of 3 departing from Latrobe and visiting 2 cities in Florida from March 27th to March 31st, 2022, adhering to a budget of $5,100? We are particular about accommodating children under 10. Our accommodation requirements include staying in entire rooms and we have a passion for diverse cuisines, including Italian, Mediterranean, Chinese, and French."
travelplanner_test_0857,857,Key West,Georgia,5,hard,2,4000,"{""cuisine"": [""Chinese"", ""American"", ""Italian"", ""Indian""], ""house rule"": ""parties"", ""room type"": null, ""transportation"": ""no flight""}",cuisine+house rule+transportation,3,26859,146,"Could you create a 5-day travel itinerary for 2 individuals from Key West to visit 2 cities in Georgia, which starts on March 11th and ends on March 15th, 2022? We have a budget of $4,000 and have no restrictions related to flights as our mode of transport. However, we'd prefer if our accommodations allowed parties. As for food preferences, we enjoy Chinese, Indian, American, and Italian cuisines."
travelplanner_test_0858,858,Daytona Beach,North Carolina,5,hard,2,3600,"{""cuisine"": null, ""house rule"": ""pets"", ""room type"": ""private room"", ""transportation"": ""no flight""}",house rule+room type+transportation,2,26590,136,"Could you assist in preparing a 5-day travel plan for two people, starting from Daytona Beach and covering 2 cities in North Carolina from March 5th to March 9th, 2022? We require accommodations that are pet-friendly as well as private rooms, and we have a budget of $3,600. Please take into consideration that we will not be flying."
travelplanner_test_0859,859,Houston,Florida,5,hard,2,2000,"{""cuisine"": null, ""house rule"": ""smoking"", ""room type"": ""entire room"", ""transportation"": ""no flight""}",house rule+room type+transportation,2,25686,133,"Could you help us create a 5-day itinerary for 2 people, traveling from Houston to explore 2 different cities in Florida? We would like to commence our journey on March 22nd and return by March 26th, 2022. Our budget for this trip is $2,000. We require accommodations that allow smoking and we'd like to rent entire rooms. Our preference for transportation is anything that does not involve flights."
travelplanner_test_0861,861,West Palm Beach,New York,5,hard,2,2700,"{""cuisine"": [""Mexican"", ""Indian"", ""Mediterranean"", ""French""], ""house rule"": ""smoking"", ""room type"": ""not shared room"", ""transportation"": null}",cuisine+house rule+room type,2,26629,138,"Can you devise a travel itinerary for a 5-day trip starting from West Palm Beach and visiting 2 cities in New York? This trip for two will be undertaken from March 15th to March 19th, 2022. We are allocating a budget of $2,700 for this trip. For accommodations, we prefer non-shared rooms, and it's important to us that smoking is allowed. Regarding food preferences, we would like to explore options for Mediterranean, French, Indian, and Mexican cuisines."
travelplanner_test_0862,862,Daytona Beach,Texas,5,hard,2,3200,"{""cuisine"": [""Chinese"", ""American"", ""Mexican"", ""Mediterranean""], ""house rule"": ""parties"", ""room type"": ""private room"", ""transportation"": null}",cuisine+house rule+room type,4,32078,176,"Can you create a 5-day travel itinerary for 2 people, starting from Daytona Beach and visiting 2 cities in Texas from March 15th to March 19th, 2022? We have a budget of $3,200. We want to stay in accommodations that allow parties, and we need private rooms. For meals, we'd like to experience a variety of cuisines including Chinese, Mediterranean, American, and Mexican."
travelplanner_test_0863,863,Chicago,Florida,5,hard,7,20500,"{""cuisine"": [""Chinese"", ""Italian"", ""Mediterranean"", ""French""], ""house rule"": ""visitors"", ""room type"": ""entire room"", ""transportation"": null}",cuisine+house rule+room type,4,38861,196,"Could you draft an itinerary for a 5-day trip for a group of 7, originating from Chicago and exploring 2 cities in Florida from March 11th to March 15th, 2022? We've set a budget at $20,500. We require accommodations that allow visitors and should ideally be entire rooms. Regarding meals, we would love to try Chinese, French, Mediterranean, and Italian cuisines during our trip."
travelplanner_test_0867,867,Miami,California,5,hard,2,5800,"{""cuisine"": null, ""house rule"": ""pets"", ""room type"": ""not shared room"", ""transportation"": ""no self-driving""}",house rule+room type+transportation,4,33689,164,"Can you create a 5-day travel plan for 2 people, leaving from Miami to visit 2 cities in California between March 26th and March 30th, 2022? We have a budget of $5,800. We require accommodations to be non-shared rooms and they must be pet-friendly, as we are bringing our pets. We would prefer not to self-drive during our trip."
travelplanner_test_0869,869,Austin,California,5,hard,8,18400,"{""cuisine"": [""Chinese"", ""Italian"", ""Indian"", ""Mediterranean""], ""house rule"": ""visitors"", ""room type"": ""entire room"", ""transportation"": null}",cuisine+house rule+room type,3,27196,136,"Could you organize a 5-day travel plan for a group of 8 traveling from Austin to California? We plan to visit two cities within California from March 11th to March 15th, 2022. Our accommodations should allow visitors and be entire rooms. Our group has a preference for Chinese, Italian, Mediterranean, and Indian cuisines. The budget for the trip is set to $18,400."
travelplanner_test_0872,872,Harrisburg,Illinois,5,hard,7,13100,"{""cuisine"": [""American"", ""Italian"", ""Mediterranean"", ""French""], ""house rule"": ""pets"", ""room type"": null, ""transportation"": ""no flight""}",cuisine+house rule+transportation,2,26345,136,"Could you generate a 5-day travel itinerary for a group of 7, starting from Harrisburg and venturing into 2 cities in Illinois, beginning from March 22nd to March 26th, 2022? Our revised budget is $13,100. For our stays, we require pet-friendly accommodations as we're traveling with our pets. When it comes to dining, we would like to enjoy Italian, Mediterranean, American, and French cuisines. We also wish to avoid flights for our transportation."
travelplanner_test_0873,873,Charlotte,Louisiana,5,hard,2,4000,"{""cuisine"": null, ""house rule"": ""parties"", ""room type"": ""private room"", ""transportation"": ""no flight""}",house rule+room type+transportation,3,27314,140,"Could you recommend a 5-day travel itinerary for 2 people starting in Charlotte and visiting 2 different cities in Louisiana from March 9th to March 13th, 2022? Our budget is $4,000. We require accommodations that allow parties and offer private rooms, and we'd prefer not to travel by flight."
travelplanner_test_0874,874,Bozeman,Texas,5,hard,7,15300,"{""cuisine"": [""American"", ""Indian"", ""Mediterranean"", ""French""], ""house rule"": ""visitors"", ""room type"": ""entire room"", ""transportation"": null}",cuisine+house rule+room type,4,37592,201,"Could you construct a 5-day itinerary for a group of 7 people departing from Bozeman and visiting 2 cities in Texas? The trip will be from March 20th to March 24th, 2022, with a budget of $15,300. We require accommodations that allow visitors and should ideally be entire rooms. We also would like to try a variety of cuisines, including Indian, American, French, and Mediterranean dishes. There are no specific transportation requirements."
travelplanner_test_0875,875,Jackson,California,5,hard,2,3000,"{""cuisine"": [""Italian"", ""Mexican"", ""Indian"", ""Mediterranean""], ""house rule"": ""smoking"", ""room type"": ""private room"", ""transportation"": null}",cuisine+house rule+room type,4,31316,154,"Can you help me create a travel plan for two persons departing from Jackson and visiting two cities in California? The plan should start from March 10th, 2022, and end on March 14th, 2022. The indicated budget is $3,000. Accommodations should be private rooms where smoking is permitted. We have a preference for Indian, Mexican, Italian, and Mediterranean cuisines. The mode of transportation is not specified."
travelplanner_test_0876,876,Grand Junction,Texas,5,hard,2,2600,"{""cuisine"": [""American"", ""Italian"", ""Mexican"", ""Indian""], ""house rule"": ""smoking"", ""room type"": ""not shared room"", ""transportation"": null}",cuisine+house rule+room type,1,24081,129,"Could you assist in creating a 5-day travel plan for 2 people, departing from Grand Junction and exploring 2 cities in Texas from March 23rd to March 27th, 2022? Our budget is set at $2,600. We require accommodations that allow smoking and we need non-shared rooms. For meals, we are open to Indian, American, Mexican, and Italian cuisines."
travelplanner_test_0877,877,Pittsburgh,Florida,5,hard,2,3800,"{""cuisine"": null, ""house rule"": ""smoking"", ""room type"": ""private room"", ""transportation"": ""no self-driving""}",house rule+room type+transportation,3,27698,137,"Could you help create a 5-day travel plan for a party of two setting off from Pittsburgh and heading to Florida from March 1st to March 5th, 2022? We intend to visit 2 cities in Florida. We've set aside a budget of $3,800 for this trip and require private rooms as our accommodations. As for transportation, we would prefer not to drive ourselves. Please ensure to note that we are smokers, hence would need accommodations that allow smoking."
travelplanner_test_0878,878,Tampa,Texas,5,hard,4,3600,"{""cuisine"": [""Chinese"", ""Italian"", ""Indian"", ""French""], ""house rule"": ""smoking"", ""room type"": ""entire room"", ""transportation"": null}",cuisine+house rule+room type,1,23382,123,"Could you put together a 5-day travel itinerary for a group of 4, starting in Tampa and visiting 2 cities in Texas from March 18th to March 22nd, 2022? Our budget is set at $3,600. We are keen on experiencing a variety of cuisines during our visit, such as Italian, Chinese, Indian, and French. Additionally, we require accommodations that allow smoking and prefer to have entire rooms to ourselves."
travelplanner_test_0879,879,Santa Fe,Texas,5,hard,5,6400,"{""cuisine"": null, ""house rule"": ""smoking"", ""room type"": ""entire room"", ""transportation"": ""no flight""}",house rule+room type+transportation,1,23400,123,"Could you help create a 5-day travel plan for a party of 5? We will be departing from Santa Fe and plan to visit 2 cities in Texas from March 10th to March 14th, 2022. We have a total budget of $6,400. We require accommodations where smoking is allowed and we'd prefer to have entire rooms. Please note that we do not intend to take any flights for this journey."
travelplanner_test_0881,881,Charlotte,Florida,5,hard,2,4400,"{""cuisine"": [""Italian"", ""Indian"", ""Mediterranean"", ""French""], ""house rule"": null, ""room type"": ""entire room"", ""transportation"": ""no self-driving""}",cuisine+room type+transportation,3,29454,153,"Can you assist with creating a 5-day travel plan for 2 people, departing from Charlotte and visiting 2 different cities in Florida from March 27th to March 31st, 2022? The budget for this trip is $4,400. We require accommodations that should ideally be entire rooms and we do not want to self-drive. For dining, we have a preference for Mediterranean, French, Italian, and Indian cuisines."
travelplanner_test_0882,882,Gainesville,Georgia,5,hard,5,10400,"{""cuisine"": [""American"", ""Indian"", ""Mediterranean"", ""French""], ""house rule"": ""parties"", ""room type"": ""entire room"", ""transportation"": null}",cuisine+house rule+room type,2,25281,133,"Could you formulate a 5-day travel itinerary for a group of 5, departing from Gainesville to visit 2 cities in Georgia between March 5th and March 9th, 2022? The total budget for this travel plan is $10,400. We require accommodations that allow parties and should ideally be entire rooms. In terms of food preferences, we enjoy a variety of cuisines including American, Indian, French, and Mediterranean."
travelplanner_test_0885,885,Tulsa,California,7,hard,2,3600,"{""cuisine"": [""American"", ""Mexican"", ""Indian"", ""Mediterranean""], ""house rule"": ""parties"", ""room type"": ""entire room"", ""transportation"": null}",cuisine+house rule+room type,1,36535,194,"We're a pair planning to experience a 7-day tour in California from March 24th to March 30th, 2022, starting from Tulsa and including 3 other cities. We have set aside $3,600 for this trip. We are looking for places that allow parties and have entire rooms available for accommodation. We're also interested in trying out a variety of cuisines, including Mediterranean, American, Mexican, and Indian during our visit."
travelplanner_test_0886,886,Dayton,Pennsylvania,7,hard,4,9400,"{""cuisine"": null, ""house rule"": ""pets"", ""room type"": ""entire room"", ""transportation"": ""no flight""}",house rule+room type+transportation,1,36841,193,"Please create a week-long travel itinerary for a group of 4, leaving Dayton and covering 3 cities in Pennsylvania from March 17th to March 23rd, 2022. We have a new budget of $9,400. For our stay, we require entire rooms and since we'll be bringing our pets, we'll need pet-friendly accommodations. Also, it's important that no flights are involved in our transportation."
travelplanner_test_0887,887,San Diego,Arizona,7,hard,4,12100,"{""cuisine"": null, ""house rule"": ""visitors"", ""room type"": ""entire room"", ""transportation"": ""no flight""}",house rule+room type+transportation,2,39665,206,"Could you plan a 7-day travel itinerary for a group of 4, starting in San Diego and visiting 3 cities in Arizona from March 6th to March 12th, 2022? Our budget is set at $12,100. We require accommodations with a house rule permitting visitors and where we can have entire rooms for ourselves. We will be avoiding flights during this trip."
travelplanner_test_0888,888,Providence,Florida,7,hard,4,20300,"{""cuisine"": [""Italian"", ""Indian"", ""Mediterranean"", ""French""], ""house rule"": ""pets"", ""room type"": null, ""transportation"": ""no self-driving""}",cuisine+house rule+transportation,3,40329,204,"We're a group of four looking to arrange a 7-day trip from Providence to explore 3 cities in Florida from March 1st to March 7th, 2022. Our total budget is $20,300. We'll be bringing our pets along, so places with pet-friendly rules are a must. We have a diverse palate and are interested in trying Indian, Italian, Mediterranean, and French cuisines. As for our stay, we require accommodations that are pet-friendly. Please note, we won't be self-driving and would prefer other modes of transportation."
travelplanner_test_0890,890,Little Rock,Texas,7,hard,2,7700,"{""cuisine"": null, ""house rule"": ""pets"", ""room type"": ""not shared room"", ""transportation"": ""no self-driving""}",house rule+room type+transportation,4,53410,278,"Could you assist me in creating a 7-day travel plan for two people? We plan to leave Little Rock and visit three different cities in Texas from March 1st to March 7th, 2022. We have set our travel budget at $7,700. We require accommodations that allow pets and we strongly prefer rooms that are not shared. We won't be self-driving, so please consider that when planning our transportation."
travelplanner_test_0891,891,Phoenix,Florida,7,hard,2,7400,"{""cuisine"": null, ""house rule"": ""smoking"", ""room type"": ""private room"", ""transportation"": ""no self-driving""}",house rule+room type+transportation,2,39839,212,"Can you provide a travel itinerary for a week, from March 4th to March 10th, 2022, for two people? We'll be departing Phoenix and plan to visit 3 cities in Florida. Our budget is $7,400. Regarding the accommodations, we would like private rooms that allow smoking. Please note that we do not plan on self-driving during this trip."
travelplanner_test_0893,893,San Diego,Arizona,7,hard,2,4600,"{""cuisine"": [""Chinese"", ""Italian"", ""Indian"", ""Mediterranean""], ""house rule"": null, ""room type"": ""not shared room"", ""transportation"": ""no self-driving""}",cuisine+room type+transportation,3,41535,214,"We are in need of a 7-day travel plan for two persons, departing from San Diego and visiting 3 cities in Arizona, starting from March 6th till March 12th, 2022. The budget for the trip is now set at $4,600. For our stay, non-shared rooms are preferred and we'd like to avoid self-driving. It would be a bonus if we can explore cuisines like Mediterranean, Indian, Italian, and Chinese during our visit."
travelplanner_test_0894,894,Santa Ana,Texas,7,hard,7,9100,"{""cuisine"": [""Chinese"", ""American"", ""Indian"", ""French""], ""house rule"": ""parties"", ""room type"": ""entire room"", ""transportation"": null}",cuisine+house rule+room type,4,52795,278,"Could you create a 7-day travel plan for a group of 7 individuals, starting in Santa Ana and traveling through 3 different cities in Texas from March 3rd to March 9th, 2022? The budget for this trip is $9,100. We require accommodations that should allow parties and would ideally be entire rooms. For the food, we're interested in a variety of cuisines, including Chinese, Indian, French, and American."
travelplanner_test_0895,895,Baltimore,Texas,7,hard,2,6700,"{""cuisine"": [""Chinese"", ""Italian"", ""Mexican"", ""French""], ""house rule"": ""smoking"", ""room type"": null, ""transportation"": ""no self-driving""}",cuisine+house rule+transportation,4,53015,280,"Could you devise a 7-day trip itinerary for two people starting in Baltimore and covering 3 cities in Texas from March 18th to March 24th, 2022? Our budget is now set at $6,700 for this trip. We require accommodations that allow smoking, and we are interested in trying Mexican, Italian, French, and Chinese cuisines. We will not be self-driving, so please include other available modes of transportation in the itinerary."
travelplanner_test_0896,896,Indianapolis,Texas,7,hard,2,6900,"{""cuisine"": [""Chinese"", ""Mexican"", ""Mediterranean"", ""French""], ""house rule"": ""pets"", ""room type"": null, ""transportation"": ""no self-driving""}",cuisine+house rule+transportation,4,47320,253,"We're planning a week-long trip starting from Indianapolis to Texas for two individuals. The journey will cover 3 cities in Texas and will span from March 11th to March 17th, 2022. The total budget for the trip is $6,900. Our lodging preferences should allow pets, and we're especially fond of Chinese, French, Mexican, and Mediterranean cuisines. Please note that we prefer not to drive ourselves during this trip."
travelplanner_test_0897,897,Billings,Texas,7,hard,6,23500,"{""cuisine"": [""Chinese"", ""Indian"", ""Mediterranean"", ""French""], ""house rule"": ""visitors"", ""room type"": ""entire room"", ""transportation"": null}",cuisine+house rule+room type,1,35212,187,"Could you arrange a 7-day travel plan for a group of 6, departing from Billings and headed to Texas where we plan to visit 3 different cities between March 19th and March 25th, 2022? Our budget is $23,500. We require accommodations where we can have visitors. Also, we'd love to try French, Mediterranean, Chinese, and Indian cuisine. For our stay, we prefer to have entire rooms as our accommodations."
travelplanner_test_0899,899,Peoria,Texas,7,hard,2,7200,"{""cuisine"": [""Chinese"", ""American"", ""Italian"", ""Indian""], ""house rule"": null, ""room type"": ""private room"", ""transportation"": ""no flight""}",cuisine+room type+transportation,4,47020,254,"I need a 7-day travel plan for 2 people, starting in Peoria and visiting 3 different cities in Texas from March 4th to March 10th, 2022. We have a budget of $7,200 for this trip. When considering our accommodations, we prefer private rooms. For transportation, we won't be considering any flights. As for meals, we love Indian, American, Chinese, and Italian cuisines."
travelplanner_test_0901,901,Pittsburgh,Florida,7,hard,2,8300,"{""cuisine"": [""Chinese"", ""American"", ""Italian"", ""Mediterranean""], ""house rule"": ""children under 10"", ""room type"": ""entire room"", ""transportation"": null}",cuisine+house rule+room type,4,50348,261,"I need your assistance in creating a week-long travel itinerary for 2 people. We will be starting from Pittsburgh and aim to visit 3 different cities in Florida from March 4th to March 10th, 2022. We have assigned a budget of $8,300. For cuisine, we would like to have Chinese, American, Italian, and Mediterranean options. Furthermore, we need to ensure that the accommodations are suitable for children under 10 and should be entire rooms."
travelplanner_test_0902,902,Tampa,Illinois,7,hard,7,24600,"{""cuisine"": [""Chinese"", ""Italian"", ""Indian"", ""French""], ""house rule"": null, ""room type"": ""entire room"", ""transportation"": ""no self-driving""}",cuisine+room type+transportation,3,41989,215,"Can you develop a one-week travel plan for a party of 7? We are departing from Tampa to Illinois and are interested in visiting 3 distinct cities between March 9th and March 15th, 2022. Our total budget is now $24,600. We would like to taste a variety of cuisines, including Chinese, Indian, Italian, and French. For accommodations, we require entire rooms. Regarding transportation, we prefer no self-driving."
travelplanner_test_0903,903,Louisville,New York,7,hard,4,8700,"{""cuisine"": [""Italian"", ""Mexican"", ""Indian"", ""French""], ""house rule"": ""visitors"", ""room type"": null, ""transportation"": ""no flight""}",cuisine+house rule+transportation,1,36809,194,"I'd like to request a travel itinerary for a group of 4 people, setting off from Louisville and traveling to 3 varied cities in New York over the period of a week, from March 23rd to March 29th, 2022. We've allocated a budget of $8,700 for our trip. We have a preference for a variety of cuisines, specifically French, Mexican, Indian, and Italian. In terms of accommodations, it is crucial for us that our lodgings welcome visitors. For our mode of transport, we prefer not to take any flights."
travelplanner_test_0904,904,Kansas City,Minnesota,7,hard,2,4200,"{""cuisine"": null, ""house rule"": ""visitors"", ""room type"": ""entire room"", ""transportation"": ""no flight""}",house rule+room type+transportation,3,40325,213,"Could you assist in planning a 7-day travel itinerary for 2 people starting from Kansas City and exploring 3 cities in Minnesota from March 18th to March 24th, 2022? Our budget is now set at $4,200 for this trip. Our specific preferences include avoiding flights and opting for self-driving so that we can explore more independently. For the accommodations, we would like to book entire rooms that have a house rule allowing visitors."
travelplanner_test_0905,905,Tallahassee,Texas,7,hard,2,5000,"{""cuisine"": [""American"", ""Italian"", ""Mexican"", ""French""], ""house rule"": ""children under 10"", ""room type"": null, ""transportation"": ""no flight""}",cuisine+house rule+transportation,1,35022,185,"We would appreciate a 7-day travel itinerary for 2 people, departing from Tallahassee towards 3 cities in Texas. The dates we are looking at are from March 1st through March 7th, 2022. For this trip, our budget is set at $5,000. We have children under 10 with us, so accommodations should be suitable for them. As for transportation, we prefer not to take any flights. Lastly, for dining, we enjoy French, American, Mexican, and Italian cuisines."
travelplanner_test_0907,907,New York,California,7,hard,6,19200,"{""cuisine"": [""American"", ""Italian"", ""Indian"", ""Mediterranean""], ""house rule"": ""visitors"", ""room type"": ""entire room"", ""transportation"": null}",cuisine+house rule+room type,4,43962,221,"Could you assist in creating a week-long travel itinerary for a group of 6, departing from New York and visiting 3 cities in California from March 21st to March 27th, 2022? Our budget is set at $19,200. We require accommodations that allow visitors and should ideally be entire rooms. In terms of dining, we enjoy a range of cuisines including Mediterranean, Italian, Indian, and American."
travelplanner_test_0909,909,Pensacola,North Carolina,7,hard,2,4900,"{""cuisine"": null, ""house rule"": ""children under 10"", ""room type"": ""entire room"", ""transportation"": ""no flight""}",house rule+room type+transportation,3,41739,212,"Can you help design a one-week travel plan for two people? We'll be leaving Pensacola and wish to visit three different cities in North Carolina from March 23rd to March 29th, 2022. We have $4,900 set aside for this trip. Accommodation-wise, we require entire rooms, and please note that our trip will include children under 10. Lastly, we are not planning to take any flights, so suggest alternate modes of transportation for us."
travelplanner_test_0911,911,Bozeman,Utah,7,hard,3,12000,"{""cuisine"": [""Italian"", ""Mexican"", ""Indian"", ""French""], ""house rule"": null, ""room type"": ""entire room"", ""transportation"": ""no flight""}",cuisine+room type+transportation,1,37692,197,"We're seeking a week-long itinerary for a group of 3 individuals, beginning in Bozeman and journeying through 3 cities in Utah from March 14th to March 20th, 2022. Our budget for this adventure is $12,000. Over the course of the trip, we'd like to savor a variety of world cuisines, including Italian, Mexican, French, and Indian. We require accommodations that provide us with entire rooms. We would prefer to avoid flights and focus on other modes of transportation."
travelplanner_test_0912,912,Dallas,Virginia,7,hard,2,8500,"{""cuisine"": [""Italian"", ""Mexican"", ""Indian"", ""Mediterranean""], ""house rule"": ""smoking"", ""room type"": ""not shared room"", ""transportation"": null}",cuisine+house rule+room type,4,43390,226,"I need a one-week travel plan for 2 people departing from Dallas, with Virginia being the destination. We plan on exploring 3 cities in Virginia from March 25th to March 31st, 2022. Our maximum budget is now $8,500. As for our accommodations, we require rooms that are not shared and where smoking is permitted. In terms of food, we would prefer a variety of cuisines including Italian, Mediterranean, Indian, and Mexican."
travelplanner_test_0913,913,Des Moines,Tennessee,7,hard,2,7300,"{""cuisine"": [""Chinese"", ""Italian"", ""Indian"", ""Mediterranean""], ""house rule"": ""parties"", ""room type"": ""entire room"", ""transportation"": null}",cuisine+house rule+room type,2,38610,197,"We're planning a 7-day journey for 2 people commencing in Des Moines and visiting 3 different cities in Tennessee from March 10th to March 16th, 2022. Our budget is set at $7,300. We require accommodations that allow parties and should ideally be entire rooms to ourselves. We are open-minded when it comes to dining and would like to try a variety of cuisines such as Mediterranean, Chinese, Italian, and Indian."
travelplanner_test_0916,916,El Paso,Colorado,7,hard,2,4900,"{""cuisine"": null, ""house rule"": ""visitors"", ""room type"": ""entire room"", ""transportation"": ""no flight""}",house rule+room type+transportation,1,37296,191,"Could you prepare a 7-day travel itinerary for two, starting from El Paso and exploring three cities in Colorado from March 25th to March 31st, 2022? Our budget is set at $4,900. We require accommodations that allow visitors and provide entire rooms. Regarding transportation, we would prefer not to take any flights. There are no specific cuisine preferences."
travelplanner_test_0919,919,Reno,Washington,7,hard,3,3400,"{""cuisine"": [""American"", ""Indian"", ""Mediterranean"", ""French""], ""house rule"": null, ""room type"": ""entire room"", ""transportation"": ""no flight""}",cuisine+room type+transportation,2,39193,204,"Can you help me plan a 7-day trip for 3 people? We will be departing from Reno and intend to visit 3 cities in Washington, between March 15th and March 21st, 2022. Given our new budget of $3,400, we would like to secure entire rooms for accommodations and refrain from flying during our journey. Our culinary preferences encompass Mediterranean, Indian, American, and French cuisines to enjoy on the trip."
travelplanner_test_0921,921,Seattle,Hawaii,7,hard,2,8100,"{""cuisine"": [""American"", ""Mexican"", ""Indian"", ""French""], ""house rule"": ""parties"", ""room type"": null, ""transportation"": ""no self-driving""}",cuisine+house rule+transportation,4,45377,233,"Could you provide a detailed 7-day travel itinerary for two people, departing from Seattle and visiting three different cities in Hawaii from March 13th to March 19th, 2022? Our budget is now set at $8,100. We require accommodations where parties are allowed. We'd like a diverse dining experience with options such as Mexican, American, French, and Indian cuisines. Additionally, we are not interested in self-driving during our trip."
travelplanner_test_0922,922,Milwaukee,Michigan,7,hard,2,4300,"{""cuisine"": null, ""house rule"": ""children under 10"", ""room type"": ""private room"", ""transportation"": ""no flight""}",house rule+room type+transportation,1,35227,181,"I'm requesting a 7-day travel itinerary for 2 individuals from Milwaukee to Michigan. We plan to visit 3 different cities between March 21st and March 27th, 2022, with a budget of $4,300. Accommodations should be private rooms, and there must be provisions for children under 10. Please note that we prefer not to travel by flight."
travelplanner_test_0923,923,Asheville,Georgia,7,hard,2,7600,"{""cuisine"": null, ""house rule"": ""smoking"", ""room type"": ""not shared room"", ""transportation"": ""no flight""}",house rule+room type+transportation,3,41075,223,"Could you help in organizing a 7-day trip for 2 people commencing in Asheville and planning to visit 3 cities in Georgia from March 14th to March 20th, 2022? We have a budget of $7,600. We require non-shared rooms for accommodations and are not considering flights for transportation. Additionally, we'd like the accommodations to allow smoking."
travelplanner_test_0926,926,Amarillo,Texas,7,hard,5,12100,"{""cuisine"": [""Chinese"", ""Italian"", ""Mexican"", ""Mediterranean""], ""house rule"": ""parties"", ""room type"": ""entire room"", ""transportation"": null}",cuisine+house rule+room type,1,34892,185,"Could you help plot a 7-day vacation for a group of 5? We'll be departing from Amarillo and aiming to explore 3 different cities in Texas, from March 19th to March 25th, 2022. We have a new budget of $12,100 for the trip. Ideally, our accommodations should be entire rooms, and it would be great if they allow parties. We enjoy a variety of cuisines and would love to explore Mexican, Mediterranean, Italian, and Chinese food during our visit."
travelplanner_test_0927,927,St. Louis,North Carolina,7,hard,2,4100,"{""cuisine"": null, ""house rule"": ""parties"", ""room type"": ""entire room"", ""transportation"": ""no flight""}",house rule+room type+transportation,3,41979,213,"We're requesting a 7-day travel itinerary for 2 people from St. Louis, planning to explore 3 different cities in North Carolina from March 16th to March 22nd, 2022. Our maximum spending limit is $4,100. Our accommodation preferences are entire rooms, and we would like to clarify that our accommodations should be party-friendly. Please note that we will not be considering flights as a mode of transportation."
travelplanner_test_0929,929,Hartford,Florida,7,hard,8,38300,"{""cuisine"": [""Chinese"", ""Italian"", ""Indian"", ""French""], ""house rule"": ""pets"", ""room type"": null, ""transportation"": ""no self-driving""}",cuisine+house rule+transportation,3,42782,212,"Could you generate a 7-day travel plan for a group of 8, beginning from Hartford and covering three cities in Florida from March 23rd to March 29th, 2022? Our total budget is now $38,300. It's crucial that our accommodations allow pets. We don't intend to drive ourselves, so please include alternate transportation in the plan. As for dining, we enjoy various cuisines, including Indian, Chinese, French, and Italian."
travelplanner_test_0930,930,Detroit,Missouri,7,hard,2,5300,"{""cuisine"": [""Chinese"", ""Mexican"", ""Indian"", ""Mediterranean""], ""house rule"": null, ""room type"": ""private room"", ""transportation"": ""no self-driving""}",cuisine+room type+transportation,3,40028,206,"Could you assist in creating a 7-day travel itinerary, commencing on March 9th and concluding on March 15th, 2022, for two people? The trip should start from Detroit, and we plan to visit three separate cities in Missouri. Our travel budget amounts to $5,300. When it comes to accommodations, we prefer private rooms. We are eager to sample a variety of cuisines, including Chinese, Mediterranean, Mexican, and Indian. Note that we will not be self-driving and will rely on local transportation options."
travelplanner_test_0931,931,Cleveland,Michigan,7,hard,6,9800,"{""cuisine"": null, ""house rule"": ""visitors"", ""room type"": ""entire room"", ""transportation"": ""no flight""}",house rule+room type+transportation,2,39707,206,"We're seeking a one-week travel plan for a group of 6 originating from Cleveland, Ohio, intending to explore 3 different cities in Michigan. Our proposed travel dates are from March 19th to March 25th, 2022. Our travel budget is $9,800. As for lodging, we prefer having entire rooms and it's important to us that our accommodations allow visitors. As far as transportation is concerned, we prefer not to travel by flight."
travelplanner_test_0932,932,Roswell,Arizona,7,hard,2,5800,"{""cuisine"": [""Chinese"", ""Italian"", ""Mediterranean"", ""French""], ""house rule"": ""children under 10"", ""room type"": ""private room"", ""transportation"": null}",cuisine+house rule+room type,2,39228,207,"Can you help plan a 7-day trip starting from Roswell and exploring 3 different cities in Arizona? The travel dates would be from March 18th to March 24th, 2022, for 2 people, and the budget is $5,800. We require accommodations that accommodate children under 10 years old and that provide private rooms. As for the food, we'd love to try Mediterranean, Chinese, French, and Italian cuisines during our trip."
travelplanner_test_0933,933,Cincinnati,Illinois,7,hard,2,5300,"{""cuisine"": [""American"", ""Mexican"", ""Mediterranean"", ""French""], ""house rule"": ""pets"", ""room type"": null, ""transportation"": ""no self-driving""}",cuisine+house rule+transportation,3,40688,209,"Could you outline a 7-day trip for two people from Cincinnati to Illinois, visiting three destinations starting from March 6th to March 12th, 2022? We have a budget of $5,300. For our lodgings, we require places that accommodate pets. As for meals, we would like to sample American, Mexican, French, and Mediterranean cuisines. Also, we do not wish to drive ourselves during this trip."
travelplanner_test_0935,935,Punta Gorda,Illinois,7,hard,2,8700,"{""cuisine"": [""Chinese"", ""American"", ""Indian"", ""French""], ""house rule"": ""visitors"", ""room type"": ""private room"", ""transportation"": null}",cuisine+house rule+room type,2,39084,200,"Can you assist in planning a week-long trip for two, starting from Punta Gorda and visiting 3 different cities in Illinois? The travel dates are from March 24th to March 30th, 2022. We have allocated a budget of $8,700 for this journey. For dining, we favor Chinese, American, Indian, and French cuisines. We require private rooms as we would like to accommodate visitors during our stay."
travelplanner_test_0937,937,Fayetteville,Texas,7,hard,2,4500,"{""cuisine"": [""Chinese"", ""American"", ""Mediterranean"", ""French""], ""house rule"": ""pets"", ""room type"": null, ""transportation"": ""no flight""}",cuisine+house rule+transportation,1,35036,185,"Could you create a 7-day travel itinerary starting in Fayetteville and covering 3 cities in Texas from March 7th to March 13th, 2022 for two individuals? Our budget is set at $4,500. Our accommodations need to be pet-friendly as we'll be bringing our pets. Also, we prefer transportation methods other than flying. In terms of food preferences, we're interested in experiencing a variety of cuisines including Mediterranean, French, Chinese, and American. Additionally, due to uncertainty in the number of rooms needed, our accommodations should be arranged to accommodate multiple rooms if necessary."
travelplanner_test_0938,938,Denver,Georgia,7,hard,2,6800,"{""cuisine"": [""American"", ""Italian"", ""Mexican"", ""French""], ""house rule"": null, ""room type"": ""entire room"", ""transportation"": ""no self-driving""}",cuisine+room type+transportation,3,42806,223,"We are seeking a 7-day trip plan for 2 individuals, beginning in Denver, covering 3 different cities in Georgia from March 16th to March 22nd, 2022. Our budget is a maximum of $6,800. We would like to stay in accommodations that offer entire rooms. As we would rather not self-drive, we request other transportation arrangements. For meals, we are interested in indulging in Mexican, Italian, French, and American cuisines."
travelplanner_test_0939,939,Raleigh,California,7,hard,2,7400,"{""cuisine"": [""Chinese"", ""Italian"", ""Indian"", ""French""], ""house rule"": ""smoking"", ""room type"": ""private room"", ""transportation"": null}",cuisine+house rule+room type,1,36971,191,"Could you construct a 7-day trip itinerary for two from Raleigh to California? We will be visiting 3 cities from March 10th to March 16th, 2022. Our anticipated budget is now $7,400. In relation to accommodations, we require private rooms where smoking is allowed. For meals, we'd love to savor French, Chinese, Italian, and Indian cuisines during our journey."
travelplanner_test_0941,941,Salt Lake City,California,7,hard,8,24700,"{""cuisine"": [""Chinese"", ""American"", ""Italian"", ""Mediterranean""], ""house rule"": ""children under 10"", ""room type"": ""entire room"", ""transportation"": null}",cuisine+house rule+room type,4,47453,229,"Can you propose a travel plan for a group of 8, leaving from Salt Lake City and visiting 3 cities in California over a period of 7 days, from March 21st to March 27th, 2022? We have a budget of $24,700. We'll need to find accommodations that allow children under 10 and have entire rooms available. As for dining, we would like to try Italian, American, Mediterranean, and Chinese cuisines."
travelplanner_test_0944,944,Orlando,Florida,7,hard,3,8500,"{""cuisine"": [""Italian"", ""Mexican"", ""Mediterranean"", ""French""], ""house rule"": ""smoking"", ""room type"": null, ""transportation"": ""no flight""}",cuisine+house rule+transportation,2,39966,198,"Can you create a 7-day travel plan for a group of 3, starting from Orlando and visiting 3 cities in Florida from March 23rd to March 29th, 2022? Our budget is set at $8,500. For our accommodations, we require rooms that allow smoking. On a culinary note, we enjoy Italian, French, Mediterranean, and Mexican cuisines. We would prefer not to fly during our travels."
travelplanner_test_0947,947,New York,Tennessee,7,hard,2,9600,"{""cuisine"": [""Chinese"", ""Italian"", ""Mexican"", ""Indian""], ""house rule"": ""visitors"", ""room type"": ""entire room"", ""transportation"": null}",cuisine+house rule+room type,2,39795,198,"We are planning a week-long journey from New York to Tennessee and would like to visit 3 different cities. Our travel dates are from March 7th to March 13th, 2022. With an updated budget of $9,600, we are two travelers seeking accommodations that provide entire rooms and allow visitors. Food-wise, we are interested in establishments serving Chinese, Italian, Indian, or Mexican cuisines."
travelplanner_test_0949,949,Pensacola,Texas,7,hard,2,5700,"{""cuisine"": null, ""house rule"": ""visitors"", ""room type"": ""not shared room"", ""transportation"": ""no self-driving""}",house rule+room type+transportation,4,50642,265,"Could you create a travel itinerary for two individuals beginning in Pensacola and visiting 3 cities in Texas over the period of a week, between March 24th and March 30th, 2022? Our budget is $5,700. When arranging accommodations, please note that we require not-shared rooms and we would prefer to stay at places which allow visitors. Additionally, we would like transportation arrangements that do not involve self-driving."
travelplanner_test_0950,950,Missoula,California,7,hard,5,11500,"{""cuisine"": [""Chinese"", ""American"", ""Mediterranean"", ""French""], ""house rule"": ""pets"", ""room type"": ""entire room"", ""transportation"": null}",cuisine+house rule+room type,1,37750,197,"Could you help create a 7-day travel plan for a group of 5 people starting from Missoula and covering 3 cities in California from March 2nd to March 8th, 2022? We have a budget of $11,500. Our accommodations must allow pets and we'd prefer to have entire rooms. In terms of food preferences, we are interested in Chinese, French, Mediterranean, and American cuisines."
travelplanner_test_0952,952,Atlanta,New York,7,hard,2,4200,"{""cuisine"": null, ""house rule"": ""smoking"", ""room type"": ""entire room"", ""transportation"": ""no flight""}",house rule+room type+transportation,2,37844,198,"Could you devise a 7-day travel itinerary for a pair departing from Atlanta and visiting 3 cities within New York from March 22nd to March 28th, 2022? Our budget has been adjusted to $4,200. We require accommodations that must be entire rooms and should permit smoking. We prefer to avoid any flights for our transportation."
travelplanner_test_0953,953,Sun Valley,Utah,7,hard,5,9000,"{""cuisine"": null, ""house rule"": ""smoking"", ""room type"": ""entire room"", ""transportation"": ""no flight""}",house rule+room type+transportation,2,39480,206,"Could you assist in crafting a 7-day travel plan for a group of 5? We'll be setting out from Sun Valley and aim to visit 3 different cities in Utah from March 24th to March 30th, 2022. Our budget for this journey is now set at $9,000. In terms of accommodations, we require entire rooms and would appreciate it if they allowed smoking. Additionally, we'd prefer no air travel during our trip."
travelplanner_test_0957,957,Appleton,Illinois,7,hard,5,12100,"{""cuisine"": null, ""house rule"": ""visitors"", ""room type"": ""entire room"", ""transportation"": ""no flight""}",house rule+room type+transportation,1,37017,197,"I need your assistance in creating a week-long travel itinerary for a group of 5. We will be departing from Appleton and plan on visiting 3 different cities in Illinois between March 2nd and March 8th, 2022. We have a budget of $12,100, prefer to have entire rooms, won't be taking any flights and we should have the option to have visitors at our accommodations."
travelplanner_test_0958,958,Cedar Rapids,Florida,7,hard,2,4000,"{""cuisine"": [""American"", ""Italian"", ""Indian"", ""French""], ""house rule"": ""children under 10"", ""room type"": ""entire room"", ""transportation"": null}",cuisine+house rule+room type,4,50840,264,"Could you assist in planning a week-long trip from Cedar Rapids to Florida, visiting 3 cities between March 6th and March 12th, 2022? This trip is for 2 individuals, and our budget is set at $4,000. Our accommodations need to be child-friendly as we will be traveling with children under 10. We're looking forward to trying American, Italian, French, and Indian cuisines during our trip. For our stays, we would prefer to have entire rooms."
travelplanner_test_0965,965,Reno,California,7,hard,8,24300,"{""cuisine"": null, ""house rule"": ""pets"", ""room type"": ""entire room"", ""transportation"": ""no self-driving""}",house rule+room type+transportation,2,38328,195,"Could you create a travel plan for a group of 8, departing from Reno and heading to California, where we'd like to explore 3 cities? Our trip is planned for a week from March 19th to March 25th, 2022. Our budget is set at $24,300. We require accommodations that allow pets, and these should ideally be entire rooms as we will be bringing our pets along. For transportation, we would prefer options other than self-driving."
travelplanner_test_0966,966,Los Angeles,Texas,7,hard,7,26700,"{""cuisine"": null, ""house rule"": ""smoking"", ""room type"": ""entire room"", ""transportation"": ""no self-driving""}",house rule+room type+transportation,4,57599,295,"I need to plan a week-long trip for a group of 7, departing from Los Angeles and visiting 3 cities in Texas from March 21st to March 27th, 2022. Our budget is $26,700. We require accommodations that allow smoking and must be entire rooms. Also, we are not planning to self-drive. Can you provide an itinerary for this?"
travelplanner_test_0969,969,San Juan,Florida,7,hard,8,18900,"{""cuisine"": [""Chinese"", ""Mexican"", ""Indian"", ""Mediterranean""], ""house rule"": ""visitors"", ""room type"": ""entire room"", ""transportation"": null}",cuisine+house rule+room type,4,49354,255,"Can you advise on a 7-day travel plan for a party of 8 departing from San Juan, and touring 3 cities in Florida from March 18th to March 24th, 2022? We have a budget of $18,900. We require accommodations that allow visitors and should ideally be entire rooms. We are interested in trying a variety of cuisines including Mediterranean, Indian, Chinese, and Mexican during our journey."
travelplanner_test_0971,971,Columbus,Georgia,7,hard,2,6400,"{""cuisine"": [""Chinese"", ""American"", ""Italian"", ""French""], ""house rule"": ""parties"", ""room type"": ""entire room"", ""transportation"": null}",cuisine+house rule+room type,2,38861,206,"Can you help construct a 7-day travel plan for two people, starting from Columbus to visit 3 cities in Georgia? The trip runs from March 21st to March 27th, 2022. We have a budget of $6,400. For dinners, we would like to savor French, Chinese, Italian, and American cuisines. Our accommodation should allow parties and ideally offer entire rooms."
travelplanner_test_0972,972,Memphis,Texas,7,hard,2,6900,"{""cuisine"": [""American"", ""Mexican"", ""Indian"", ""Mediterranean""], ""house rule"": null, ""room type"": ""entire room"", ""transportation"": ""no self-driving""}",cuisine+room type+transportation,1,34972,185,"Could you help me put together a 7-day travel plan for two, starting from Memphis and covering 3 different cities in Texas, from March 16th to March 22nd, 2022? Our budget is now $6,900. We require accommodations that are entire rooms, and we do not plan on self-driving throughout the trip. For dining, we have a preference for Indian, Mediterranean, American, and Mexican cuisines."
travelplanner_test_0973,973,Washington,Ohio,7,hard,2,7100,"{""cuisine"": null, ""house rule"": ""visitors"", ""room type"": ""private room"", ""transportation"": ""no flight""}",house rule+room type+transportation,1,35899,184,"Could you generate a 7-day travel plan for 2 people starting in Washington, with visits to 3 unique cities in Ohio, spanning from March 9th to March 15th, 2022? The accommodations must specifically allow visitors and be private rooms. We prefer to avoid flights for transportation. The budget for the entire trip is now set at $7,100."
travelplanner_test_0974,974,Elmira,Florida,7,hard,2,6800,"{""cuisine"": [""Chinese"", ""American"", ""Indian"", ""Mediterranean""], ""house rule"": ""smoking"", ""room type"": ""not shared room"", ""transportation"": null}",cuisine+house rule+room type,4,45625,238,"We are planning a 7-day journey for 2 individuals from Elmira to explore 3 different cities in Florida, from March 12th to March 18th, 2022, on a budget of $6,800. We require accommodations that allow smoking and we would enjoy Mediterranean, Chinese, American, and Indian cuisines during our trip. The types of rooms we need are non-shared rooms."
travelplanner_test_0976,976,Detroit,New York,7,hard,5,10600,"{""cuisine"": [""Italian"", ""Indian"", ""Mediterranean"", ""French""], ""house rule"": ""visitors"", ""room type"": null, ""transportation"": ""no flight""}",cuisine+house rule+transportation,3,40588,211,"Could you assist in planning a 7-day trip for a group of 5, starting in Detroit with plans to visit 3 cities in New York from March 11th to March 17th, 2022? Our travel budget has been adjusted to $10,600. We require accommodations that permit visitors, and we are not planning on taking any flights. We have a preference for Indian, Italian, Mediterranean, and French cuisines."
travelplanner_test_0979,979,Minneapolis,Ohio,7,hard,2,4100,"{""cuisine"": [""Chinese"", ""Italian"", ""Indian"", ""Mediterranean""], ""house rule"": ""children under 10"", ""room type"": null, ""transportation"": ""no flight""}",cuisine+house rule+transportation,1,34819,180,"We are looking to plan a week-long trip for two people starting from Minneapolis to Ohio, covering three cities in Ohio from March 18th to March 24th, 2022. Our budget for this trip is set at $4,100. For the trip, we require accommodations that are suitable for children under 10 years of age. As far as food goes, we are interested in Mediterranean, Indian, Chinese, and Italian cuisines. We do not plan on taking any flights for the duration of our trip."
travelplanner_test_0980,980,Pittsburgh,Missouri,7,hard,2,6500,"{""cuisine"": [""Italian"", ""Mexican"", ""Indian"", ""Mediterranean""], ""house rule"": ""visitors"", ""room type"": ""private room"", ""transportation"": null}",cuisine+house rule+room type,2,38958,202,"We're planning a week-long trip for two people starting from Pittsburgh to Missouri, and we wish to visit three cities between March 17th and March 23rd, 2022. Our new budget is set at $6,500. We require accommodations that allow visitors and should ideally be private rooms. Regarding cuisine, we would like to enjoy Mediterranean, Mexican, Indian, and Italian food during our trip."
travelplanner_test_0981,981,Kansas City,California,7,hard,8,20300,"{""cuisine"": [""Chinese"", ""Italian"", ""Indian"", ""French""], ""house rule"": ""children under 10"", ""room type"": ""entire room"", ""transportation"": null}",cuisine+house rule+room type,1,37062,189,"Could you arrange a week-long travel plan for a group of 8, setting off from Kansas City and touring 3 different cities in California from March 18th to March 24th, 2022? Our budget is now set at $20,300. We require accommodations that are suitable for children under 10, as we'll have young kids with us, and would ideally prefer entire rooms. As for dining, we enjoy a variety of cuisines, specifically Italian, Indian, Chinese, and French."
travelplanner_test_0984,984,Orlando,Louisiana,7,hard,2,3600,"{""cuisine"": [""American"", ""Mexican"", ""Indian"", ""Mediterranean""], ""house rule"": null, ""room type"": ""private room"", ""transportation"": ""no flight""}",cuisine+room type+transportation,2,37976,200,"Could you devise a 7-day travel itinerary for 2 people departing from Orlando and touring 3 cities in Louisiana, from March 19th to March 25th, 2022? Our budget is set at $3,600. We prefer not to take any flights as our mode of transportation, and we have a preference for private rooms as our accommodations. As for meals, we would like to explore Mexican, American, Mediterranean, and Indian cuisines."
travelplanner_test_0986,986,Seattle,California,7,hard,2,5500,"{""cuisine"": null, ""house rule"": ""children under 10"", ""room type"": ""entire room"", ""transportation"": ""no self-driving""}",house rule+room type+transportation,4,45077,218,"Could you assist me in creating a seven-day travel plan for two individuals, departing from Seattle and exploring three different cities in California from March 4th to March 10th, 2022? Our budget is now set at $5,500. We require accommodations that are suitable for children under the age of 10 as we will be traveling with our young ones. We would prefer entire rooms for our stay. Please note, we would prefer transportation options other than self-driving."
travelplanner_test_0987,987,St. Louis,Michigan,7,hard,2,8200,"{""cuisine"": [""Chinese"", ""American"", ""Italian"", ""French""], ""house rule"": ""pets"", ""room type"": ""entire room"", ""transportation"": null}",cuisine+house rule+room type,3,40836,208,"Could you provide a 7-day travel plan that will cover 3 cities in Michigan for 2 people? We will be leaving St. Louis on March 4th and returning on March 10th, 2022. Our budget is $8,200, and we require entire rooms. We also plan to bring our pets, so accommodations must be pet-friendly. Additionally, we are interested in sampling French, Italian, American, and Chinese cuisines."
travelplanner_test_0988,988,Tampa,North Carolina,7,hard,2,6400,"{""cuisine"": null, ""house rule"": ""children under 10"", ""room type"": ""entire room"", ""transportation"": ""no self-driving""}",house rule+room type+transportation,3,42347,215,"We're planning a 7-day vacation for 2 people traveling from Tampa to explore 3 different cities in North Carolina. Our adventure will run from March 11th to March 17th, 2022. We are working with a budget of $6,400. Our accommodations must be friendly to children under 10 as we will be traveling with our little ones, and we'd prefer to rent entire rooms. Please note, we do not plan to use self-driving as a means of transportation."
travelplanner_test_0990,990,Washington,California,7,hard,3,12400,"{""cuisine"": null, ""house rule"": ""children under 10"", ""room type"": ""entire room"", ""transportation"": ""no self-driving""}",house rule+room type+transportation,4,45165,221,"We require a travel plan for a party of 3, departing from Washington and planning to visit 3 cities in California over a period of 7 days, from March 22nd to March 28th, 2022. We have a budget of $12,400. It's important that our accommodations are child-friendly as we will have children under the age of 10. We prefer entire rooms and we are not planning to drive ourselves during the trip."
travelplanner_test_0991,991,Augusta,North Carolina,7,hard,3,5400,"{""cuisine"": [""American"", ""Mexican"", ""Indian"", ""French""], ""house rule"": ""pets"", ""room type"": null, ""transportation"": ""no flight""}",cuisine+house rule+transportation,3,40159,201,"Could you come up with a 7-day travel plan for a party of 3, departing from Augusta and journeying through 3 different cities in North Carolina from March 14th to March 20th, 2022? We are planning to drive, so no flights are needed. We have a budget of $5,400 and we're accompanied by our pets. Food-wise, we're very keen on trying out Indian, Mexican, American, and French cuisines during our trip. We require accommodations that are pet-friendly."
travelplanner_test_0992,992,San Diego,Arizona,7,hard,2,9300,"{""cuisine"": [""Chinese"", ""Italian"", ""Indian"", ""French""], ""house rule"": ""pets"", ""room type"": null, ""transportation"": ""no flight""}",cuisine+house rule+transportation,3,41007,210,"Could you assist in creating a 7-day travel itinerary for 2 travelers, starting from San Diego and visiting 3 different cities in Arizona from March 23rd to March 29th, 2022? Our budget is set at $9,300. We require pet-friendly accommodations since we are bringing along pets. We have preferences for Italian, French, Indian, and Chinese cuisines. We are not planning to take any flights during our journey."
travelplanner_test_0993,993,South Bend,Illinois,7,hard,5,4800,"{""cuisine"": null, ""house rule"": ""parties"", ""room type"": ""entire room"", ""transportation"": ""no flight""}",house rule+room type+transportation,2,38730,204,"Can you suggest a week-long travel plan for a group of 5, starting in South Bend and traversing 3 different cities in Illinois between March 14th and March 20th, 2022? Our budget is set at $4,800. We're interested in accommodations where parties are permitted and would specifically like entire rooms. Our preferred mode of transportation doesn't involve any flights."
travelplanner_test_0995,995,Medford,Arizona,7,hard,5,8500,"{""cuisine"": [""American"", ""Italian"", ""Indian"", ""Mediterranean""], ""house rule"": ""smoking"", ""room type"": ""entire room"", ""transportation"": null}",cuisine+house rule+room type,2,39483,206,"Could you assist with a 7-day travel itinerary for a group of 5, starting in Medford and planning to explore 3 cities in Arizona from March 24th through March 30th, 2022? Our budget is set at $8,500. For our accommodations, we require entire rooms and it's important that these places allow smoking. Regarding food, we're fans of Mediterranean, Indian, Italian, and American cuisines."
travelplanner_test_0996,996,Washington,Minnesota,7,hard,2,4900,"{""cuisine"": [""Chinese"", ""American"", ""Indian"", ""Mediterranean""], ""house rule"": ""pets"", ""room type"": ""private room"", ""transportation"": null}",cuisine+house rule+room type,1,37649,206,"Can you create a 7-day travel itinerary covering 3 cities in Minnesota for 2 people? We plan to start the trip from Washington on March 9th and end it on March 15th, 2022. Our budget is set at $4,900. When it comes to our stay, we prefer having private rooms and they should be pet-friendly as we intend to bring our pet along. For our meals, we are interested in trying dishes from Mediterranean, American, Indian, and Chinese cuisines."
travelplanner_test_0998,998,Provo,California,7,hard,7,13200,"{""cuisine"": [""Italian"", ""Indian"", ""Mediterranean"", ""French""], ""house rule"": ""parties"", ""room type"": ""entire room"", ""transportation"": null}",cuisine+house rule+room type,3,42555,218,"Can you create a travel itinerary for our group of 7, departing from Provo to California, where we'll be visiting 3 cities over the span of a week from March 13th to March 19th, 2022? We have a new budget of $13,200. We ideally require properties where parties are permitted, entire rooms for our accommodations, and we're interested in a variety of cuisines including Mediterranean, Indian, French, and Italian."
travelplanner_test_1000,1000,Mosinee,Illinois,7,hard,5,15000,"{""cuisine"": [""Chinese"", ""Mexican"", ""Indian"", ""French""], ""house rule"": ""visitors"", ""room type"": null, ""transportation"": ""no flight""}",cuisine+house rule+transportation,2,37945,197,"Could you help compile a 7-day travel itinerary from March 12th to March 18th, 2022, for a group of 5 people? We're departing from Mosinee and would like to visit 3 unique cities in Illinois. We have a revised budget of $15,000 for our trip. We're interested in a range of cuisines, including Chinese, Mexican, French, and Indian. Our accommodations must permit visitors. For transportation, we prefer to avoid flying."
